,type_elem,type_middle,sqft,capacity,pop_last_year,pop_this_year,%capacity,baseline_kWh/sqft,baseline kWh/student,baseline_kWh/weekday,baseline_kWh/weekend,basline_kWh,WN^0,WN^1,WN^2,WN^3,weather_start_year,weather_start_month,weather_start_day,start_year,start_month,start_day,year_built,lat,long,elevation_ft,Unnamed: 27,Unnamed: 28,Unnamed: 29,Unnamed: 30,Unnamed: 31,Unnamed: 32,Unnamed: 33,Unnamed: 34,Unnamed: 35,Unnamed: 36,Unnamed: 0,index,min_90_day_avg,max_90_day_avg,first_10_min_avg,last_10_min_avg,f_l_10_go_down_min,first_10_max_avg,last_10_max_avg,f_l_10_go_down_max,sum_f_l_10_go_down,min_first_half_avg,min_last_half_avg,min_f_l_half_go_down,max_first_half_avg,max_last_half_avg,max_f_l_half_go_down,sum_all_going_down,total_min_avg_minus_school_avg,total_max_avg_minus_school_avg,diff_f10max_minus_l10max,daily_swing,last_20_to_10_max_avg,last20_minus_last10,did_SMA10_go_down,total_perc,environmental_club,art_poster,school_audit,video,energy_lesson,num_online_pledges,pledge_paper,tot_pledges,population,frac_pop_online,frac_pop_tot,frac_paper,Unnamed: 14,Unnamed: 15,Unnamed: 16,population,perc_female,student_ratio,american_indian,asian,latino,black,white,hawaiian,two_more,diversity_score,free_lunch,reduced_lunch,district_per_student,Unnamed: 0,mean,del_mean,first,last,f_l_perc_dec,avg_f_two_days,avg_l_two_days,two_day_perc_dec,avg_f_five_days,avg_l_five_days,five_day_perc_dec,avg_f_half,avg_l_half,halves_perc_dec,coef,intercept,rsquared,30prediction,peak_1,peak_2,peak_3,peak_4,peak_5,peak_6,peak_7,peak_8,peak_9,peak_10,avg_peaks,avg_l_peaks,avg_f_peaks,perc_decrease_peaks,MA10_500,MA10_650,MA10_800,MA10_950,MA50_500,MA50_650,MA50_800,MA50_950,MA100_500,MA100_650,MA100_800,MA100_950,MA200_500,MA200_650,MA200_800,MA200_950,MA300_500,MA300_650,MA300_800,MA300_950,MA400_500,MA400_650,MA400_800,MA400_950,MA300_900,MA300_1000,MA100_decreasing,MA300_bending_down,MA200_bending_down,MA100_cross_MA300,std,std_norm
0,1.0,0.0,30297.0,280.0,227.0,219.0,81.0,0.39,54.0,,,11900.0,644.95,-0.35,0.02,,2015.0,10.0,25.0,2016.0,1.0,25.0,1969.0,40.3747,-105.0916,5038.7,,,,,,,,,,,0.0,0.0,22.6076344086,41.9515053763,37.477,22.0223076923,1.0,60.989,39.2576923077,1.0,2.0,28.3,17.2710416667,1.0,28.3,17.2710416667,1.0,4.0,8.9423655914,12.9384946237,21.7313076923,19.0,34.31,-4.94769230769,1.0,,,,,,,,,,,,,,,,,214.0,48.0,14.0,1.0,0.0,23.0,0.0,71.0,0.0,5.0,0.44,46.0,18.0,9980.0,0.0,20.6951132933,24.4158027485,0.558683151242,0.596407569511,-6.75238159324,0.936178324737,0.60061029113,35.8444566318,1.1614232903,1.0249186803,11.7532178956,1.05550499272,0.944001294127,10.5640143213,-9.90392515467e-05,1.04961866502,0.00325402719045,0.76438562057,,,,,,,,,,,,,,,0.6147775048,0.603292136412,0.88108679825,0.66354690846,0.897630112905,0.756420784377,0.792521129734,1.45430466619,1.27441439295,0.651556182367,0.614360966259,0.871989274828,1.28840854898,0.956801900934,0.604255529387,0.822151016086,1.28471109962,1.08387839648,0.800536536688,0.744348968871,1.28440344701,1.14272766976,0.919006000752,0.721150772245,0.666532853574,0.814113086521,0.0,0.0,0.0,0.0,11.7057663642,0.565629489352
1,0.0,1.0,93060.0,,,638.0,,0.55,80.0,,,51048.0,3758.0,-50.27,0.63,,2015.0,10.0,25.0,2016.0,1.0,25.0,,40.4194,-105.067,5009.0,,,,,,,,,,,1.0,1.0,22.4139784946,42.0086021505,37.59,21.6776923077,1.0,61.401,39.1830769231,1.0,2.0,28.3088888889,16.8875,1.0,28.3088888889,16.8875,1.0,4.0,9.13602150538,12.8813978495,22.2179230769,19.0,34.006,-5.17707692308,1.0,,,,,,,,,,,,,,,,,659.0,48.0,19.0,0.0,1.0,29.0,1.0,66.0,0.0,3.0,0.48,38.0,10.0,9980.0,1.0,94.1871024883,111.12390003,0.775243274832,0.448953696025,42.0886693765,1.07971518271,0.497836572388,53.8918614502,1.19269551436,0.948329167092,20.4885777071,1.0789517579,0.920565699028,14.6796237841,-0.000176934864699,1.08864436721,0.00789592869418,0.57907195688,,,,,,,,,,,,,,,0.480125941114,0.44234415931,1.33828233486,0.583893431161,0.793181848147,0.757054656638,0.914539478243,1.38603836842,1.19933267667,0.589067345759,0.743475376776,0.944266422149,1.20669294261,0.900377510463,0.658862063375,0.94549762455,1.22794689601,1.0112319392,0.838894885006,0.819479419406,1.2595389002,1.08030229952,0.929004332923,0.761876400994,0.728887778929,0.905135704234,0.0,0.0,0.0,0.0,60.4268384693,0.641561709331
2,1.0,0.0,31853.0,,,210.0,,0.56,86.0,,,17984.0,1132.0,-7.28,0.09,,2015.0,10.0,25.0,2016.0,1.0,25.0,,40.4432,-105.0799,5054.0,,,,,,,,,,,2.0,2.0,22.3819354839,41.9641935484,37.568,21.6576923077,1.0,61.367,39.1269230769,1.0,2.0,28.2793333333,16.853125,1.0,28.2793333333,16.853125,1.0,4.0,9.16806451613,12.9258064516,22.2400769231,19.0,33.964,-5.16292307692,1.0,,,,,,,,,,,,,,,,,250.0,52.0,15.0,0.0,2.0,32.0,0.0,64.0,0.0,2.0,0.49,47.0,6.0,9980.0,2.0,32.1815565771,37.2372906435,0.703430755929,0.536460585076,23.7365468379,0.995831863846,0.554155245583,44.3525292068,1.17372957286,0.926940883615,21.0260263478,1.08318341059,0.916215091548,15.4145934485,-0.000325755698491,1.16320360494,0.0441036997312,0.225027193291,1.5498744477,1.57226137768,1.5500402083,1.51002729312,1.4242645144,1.54617267485,1.57754640109,1.49297061404,1.82415271225,1.86116699192,1.59084772353,1.66040187883,1.52129356824,-9.14408063599,0.759533393962,0.647652012701,1.14775937719,0.661939209185,0.645829013685,1.03123730129,0.797233562216,1.10147365067,1.27161446346,0.690076405931,0.720780182821,0.953506320503,1.26911755762,0.987493102752,0.694602147921,0.953304619744,1.26988234873,1.09716487986,0.871936398403,0.854553045133,1.27254735856,1.14025144473,0.971855914668,0.813433885333,0.769228338497,0.900230301885,0.0,0.0,0.0,0.0,16.1878468897,0.503016280486
3,1.0,0.0,40474.0,,,208.0,,0.43,84.0,,,17420.0,1155.0,-12.83,0.2,,2015.0,10.0,25.0,2016.0,1.0,25.0,,40.42562,-105.08988,5032.0,,,,,,,,,,,3.0,3.0,22.4505376344,41.9203225806,37.52,21.7946153846,1.0,61.206,39.1307692308,1.0,2.0,28.2728888889,16.9920833333,1.0,28.2728888889,16.9920833333,1.0,4.0,9.09946236559,12.9696774194,22.0752307692,19.0,34.045,-5.08576923077,1.0,,,,,,,,,,,,,,,,,222.0,47.0,18.0,0.0,0.0,25.0,2.0,71.0,0.0,2.0,0.44,53.0,7.0,8573.0,3.0,31.3776238518,35.5384335171,0.795878585579,0.699285370799,12.136677193,1.0491508677,0.656996888088,37.378225733,1.20988821062,0.961133296766,20.5601568537,1.09746346329,0.902106388853,17.8007816179,-0.000389319404252,1.19504902153,0.0605437862417,0.0738091372851,1.62422212601,1.62192326176,1.5983839048,1.56949554668,1.56946043268,1.03582755432,1.1858384597,1.56454258673,1.58665946923,1.59721964399,1.49535729859,1.39401754279,1.59669705439,12.6936735454,0.743532149605,0.676968855683,0.847264358148,0.662775744181,0.726321297831,0.808505731228,1.01801390268,0.913301844078,1.22377402989,0.676144884874,0.71167300924,0.827094380664,1.27747963805,0.927802897903,0.693376191083,0.805642246755,1.29001236637,1.05279123147,0.844315731686,0.765276747282,1.29308379117,1.13109143135,0.939180306237,0.74299378168,0.719286684804,0.807246923185,0.0,0.0,0.0,0.0,15.1182068702,0.481814905476
4,1.0,0.0,51291.0,,,323.0,,0.56,89.0,,,28647.0,1956.0,-12.1,0.04,,2015.0,10.0,25.0,2016.0,1.0,25.0,,40.3951,-105.1274,5039.0,,,,,,,,,,,4.0,4.0,22.5804301075,41.8486021505,37.425,22.0130769231,1.0,60.84,39.1523076923,1.0,2.0,28.2571111111,17.2585416667,1.0,28.2571111111,17.2585416667,1.0,4.0,8.96956989247,13.0413978495,21.6876923077,19.0,34.264,-4.88830769231,1.0,,,,,,,,,,,,,,,,,329.0,49.0,17.0,1.0,1.0,5.0,1.0,91.0,1.0,1.0,0.13,17.0,8.0,9980.0,4.0,58.859325145,64.9892659676,0.867630233174,0.758041367618,12.6308260553,1.0356757416,0.704695330155,31.957918695,1.10567581926,0.966044508431,12.6285940597,1.05005161227,0.9494934759,9.57649463994,-0.000117556230069,1.05889567126,0.0202253749216,0.720333728665,1.49841031731,1.50316501517,1.47536395388,1.48121840116,1.45906196525,1.00035200618,1.06520242188,1.40480324265,1.32318425948,1.35303613233,1.35637977153,1.2293156125,1.48344393055,17.1309688769,0.848608566815,0.773016744193,1.18209898385,0.928909595095,0.969382132333,0.865023505827,0.925448382455,1.18852174134,1.09461597664,0.829077936092,0.845802486022,0.938324159573,1.11694928882,0.980933507458,0.820333390444,0.947756732329,1.13827854619,1.02605070459,0.925378627628,0.893603300372,1.15666742542,1.06164876233,0.96768796488,0.877471959302,0.850394401534,0.934264577097,0.0,0.0,0.0,0.0,16.6827077061,0.283433553902
5,1.0,0.0,36729.0,,,298.0,,0.43,53.0,,,15752.0,956.8,-1.0,-0.04,,2015.0,10.0,25.0,2016.0,1.0,25.0,,40.385,-105.1083,5016.0,,,,,,,,,,,5.0,5.0,22.5922580645,41.9055913978,37.455,22.0123076923,1.0,60.929,39.2069230769,1.0,2.0,28.2811111111,17.2589583333,1.0,28.2811111111,17.2589583333,1.0,4.0,8.95774193548,12.9844086022,21.7220769231,19.0,34.283,-4.92392307692,1.0,,,,,,,,,,,,,,,,,336.0,53.0,16.0,0.0,1.0,28.0,1.0,67.0,0.0,3.0,0.48,49.0,14.0,9980.0,5.0,29.5979397184,33.7352302105,0.79500646173,0.606084115336,23.7636240065,1.01938375576,0.603762548824,40.7718098886,1.17746717474,0.964216889868,18.1109324699,1.08275734489,0.916657208733,15.34047651,-0.000348516085901,1.17460655904,0.0516636997819,0.170880231641,1.5618190154,1.5781626589,1.62598274515,1.51125429684,1.40505335248,1.36852889011,1.38878271537,1.37216184772,1.55000178494,1.57294135569,1.49346886626,1.45048331877,1.53645441375,5.59542113443,0.69773835522,0.69274574795,0.898369170557,0.871272828831,1.01491385804,0.695241014886,1.43264678657,0.629283302183,1.21909686879,0.721738950723,0.691878916994,0.923295449471,1.23990751643,0.979015160004,0.670716791062,0.857022711048,1.25733089339,1.07497620277,0.859581095147,0.788395867584,1.264819267,1.13649082694,0.949460038557,0.771731638368,0.701483330999,0.834565372209,0.0,0.0,0.0,0.0,14.1712590328,0.478792077003
6,0.0,1.0,107992.0,,,494.0,,0.46,100.0,,,49635.0,3177.0,-23.28,0.3,,2015.0,10.0,25.0,2016.0,1.0,25.0,,40.3838,-105.1134,5030.0,,,,,,,,,,,6.0,6.0,22.5993548387,41.8991397849,37.449,22.0261538462,1.0,60.9,39.2076923077,1.0,2.0,28.2786666667,17.275,1.0,28.2786666667,17.275,1.0,4.0,8.95064516129,12.9908602151,21.6923076923,19.0,34.298,-4.90969230769,1.0,,,,,,,,,,,,,,,,,477.0,48.0,17.0,0.0,1.0,17.0,0.0,79.0,0.0,2.0,0.36,28.0,6.0,9980.0,6.0,86.3733764679,107.937299804,0.506593358733,0.409704166575,19.1256340985,0.938930026438,0.381640061374,59.353727048,1.17928276094,0.958498659947,18.7218967587,1.05044620498,0.948675376858,9.68834269078,-0.000141111628538,1.0706969259,0.00462036435873,0.664295435708,1.27813266639,1.27191053053,1.2372073525,1.16943347356,1.22997861893,1.21365962421,1.19468174764,1.20133233105,1.34005695643,1.31910261718,1.24554959184,1.2537666553,1.23733252838,-1.32819000091,0.436715689597,0.468437762602,1.54100157948,0.670112252814,0.668622439296,1.12299085875,0.626263484737,1.57327132753,1.28307434535,0.539542324079,0.52318111519,1.09968244312,1.28837061457,0.918035150586,0.497586057859,1.02938819348,1.30272823462,1.06183172947,0.756481421386,0.819761620953,1.308311994,1.14231677993,0.888129652376,0.749706796735,0.67065452808,0.941949863808,0.0,0.0,0.0,0.0,63.393264222,0.733944495566
7,1.0,0.0,47200.0,494.0,401.0,372.0,75.0,0.47,54.82,1732.0,854.0,21981.0,,,,,2013.0,10.0,27.0,2014.0,1.0,27.0,,40.14638,-105.10813,4962.0,,,,,,,,,,,7.0,7.0,21.8244086022,43.6296774194,30.168,20.8546153846,1.0,48.112,46.8046153846,1.0,2.0,23.4828888889,20.2695833333,1.0,23.4828888889,20.2695833333,1.0,4.0,9.72559139785,11.2603225806,1.30738461538,21.0,35.618,-11.1866153846,1.0,,,,,,,,,,,,,,,,,419.0,51.0,17.0,0.0,3.0,31.0,0.0,64.0,0.0,2.0,0.5,35.0,8.0,10860.0,7.0,34.7102206817,41.9012875889,0.475430794039,0.477719360878,-0.481366976419,0.933463475564,0.445695214161,52.2535990076,1.18539238609,0.949775113734,19.8767323899,1.05546325837,0.943895514686,10.570499996,-0.000431698435049,1.21628091596,0.0284378801946,-0.0270105769821,1.49843069813,1.51969851536,1.49980986231,1.47556517624,1.45550165295,1.02176649115,1.42703277552,1.44207598296,1.39183205402,1.62650777919,1.43582209878,1.38184301657,1.489801181,7.24648132966,0.459358240162,0.473971729648,1.06863639857,0.659712877223,0.878923331153,0.834563070365,1.15325667653,0.360172489039,1.34016716078,0.497293918848,0.517903041629,1.31366189918,1.30998763515,0.885838061586,0.496978338247,1.02596350794,1.31709535659,1.04876015075,0.749427725294,0.837188913735,1.32712104866,1.12396104682,0.897112584165,0.752215165014,0.624614755379,0.923076232202,0.0,0.0,0.0,0.0,28.3749800152,0.817481982478
8,1.0,0.0,50280.0,470.0,501.0,512.0,109.0,0.67,66.8,1699.0,923.0,33469.0,,,,,2013.0,10.0,27.0,2014.0,1.0,27.0,,40.14413,-105.16047,5040.0,,,,,,,,,,,8.0,8.0,22.176344086,44.4724731183,30.771,21.4146153846,1.0,49.193,47.6192307692,1.0,2.0,23.8068888889,20.6477083333,1.0,23.8068888889,20.6477083333,1.0,4.0,9.37365591398,10.4175268817,1.57376923077,22.0,35.945,-11.6742307692,1.0,,,,,,,,,,,,,,,,,557.0,52.0,20.0,0.0,10.0,18.0,1.0,69.0,0.0,2.0,0.49,25.0,3.0,10860.0,8.0,54.0003071043,65.1348950096,0.487407495464,0.586940859591,-20.420975273,0.907404184055,0.510080362511,43.7868624066,1.13706116912,0.971861675443,14.5286373475,1.03291719819,0.966256161238,6.45366705727,-2.50040901099e-05,1.01252704915,0.000132428141245,0.940515269628,1.60947789593,1.63636493477,1.59992007665,1.60429107417,1.59508814634,1.14045624475,1.35347885792,1.57684474061,1.60647075259,1.59231288843,1.53147056122,1.45391269686,1.60902842557,9.64033489072,0.57925154934,0.519752449459,0.710096202322,0.721952396265,0.426393368478,0.473009661562,1.50486807635,0.810634678349,1.29181526562,0.564830476634,0.506610687364,1.25076970241,1.26311898028,0.922571526379,0.517231237456,1.05158764699,1.26291317261,1.04328902519,0.759547313495,0.870244854673,1.25764494918,1.11550634981,0.892614301527,0.793891260163,0.679558397486,0.936149104632,0.0,0.0,0.0,0.0,38.2175473472,0.707728333347
9,1.0,0.0,51349.0,608.0,485.0,527.0,87.0,0.75,79.3,1953.0,696.0,38460.0,,,,,2013.0,10.0,27.0,2014.0,1.0,27.0,,40.184,-105.06328,4990.0,,,,,,,,,,,9.0,9.0,22.042688172,45.7015053763,31.208,20.6992307692,1.0,49.725,48.6453846154,1.0,2.0,23.8113333333,20.3845833333,1.0,23.8113333333,20.3845833333,1.0,4.0,9.50731182796,9.18849462366,1.07961538462,23.0,37.24,-11.4053846154,1.0,,,,,,,,,,,,,,,,,591.0,51.0,21.0,2.0,5.0,18.0,1.0,70.0,0.0,4.0,0.5,14.0,3.0,10860.0,9.0,62.3249889682,76.5199018054,0.516750227368,0.561881527454,-8.73367783817,0.898856948111,0.480672007963,46.5240816157,1.15142569344,0.968676160551,15.8715871923,1.03780120821,0.961371132595,7.36461617259,3.88530121209e-05,0.980534640927,0.0003046316805,1.09243131584,1.77188457033,1.75948546058,1.67267023336,1.7723053339,1.63822274461,1.7260507812,1.60593000639,1.72745867169,1.57360752736,1.93863748843,1.71862528178,1.71433689501,1.72291366856,0.4978063439,0.598920193344,0.434010192249,0.868927821482,0.568652219916,1.0915659709,0.486363939469,1.40364419993,0.898203602825,1.31886586752,0.488247216444,0.495662278223,1.2254321264,1.30020990328,0.904749232105,0.477167639751,1.05655992774,1.29207741062,1.04785327218,0.741034313799,0.862383229189,1.27705169986,1.11952151228,0.885492202229,0.768849226003,0.662135593609,0.943450394874,0.0,0.0,0.0,0.0,46.6957601608,0.749230139208
10,1.0,0.0,44755.0,259.0,321.0,325.0,125.0,0.53,74.45,1211.0,582.0,23898.0,,,,,2013.0,10.0,27.0,2014.0,1.0,27.0,,40.2257,-105.26892,5385.0,,,,,,,,,,,10.0,10.0,22.3160215054,44.6666666667,30.881,21.5092307692,1.0,49.2,47.7646153846,1.0,2.0,23.9108888889,20.8208333333,1.0,23.9108888889,20.8208333333,1.0,4.0,9.23397849462,10.2233333333,1.43538461538,22.0,36.173,-11.5916153846,1.0,,,,,,,,,,,,,,,,,357.0,48.0,19.0,0.0,1.0,8.0,1.0,88.0,0.0,2.0,0.22,8.0,4.0,9956.0,10.0,40.7361994683,48.7052345475,0.524570345268,0.814606429493,-55.2902173829,0.888846449161,0.484010422557,45.5462275837,1.10324501743,0.962177514764,12.7865977583,1.02857423178,0.970608092816,5.63558148515,-0.000164193645163,1.08226101623,0.00869987583816,0.609383318158,1.5568121506,1.5848361075,1.57217387167,1.60557488415,1.53984219719,1.56682062853,1.52154136372,1.53938012292,1.54357610587,1.83527543255,1.58658328647,1.60131873072,1.57184784222,-1.87491993209,0.852009626892,0.407880424533,1.1444005209,0.591883664055,0.659020070619,1.21561771645,1.10799497634,0.78831803653,1.23684186605,0.627985910166,0.585128934459,1.3097212634,1.20937658762,0.940329985906,0.605235579967,1.08981649768,1.23721037641,1.015691121,0.806856272867,0.923293683777,1.22091836006,1.09465919948,0.914352671163,0.849466740374,0.761635356022,0.998860869347,0.0,0.0,0.0,0.0,24.3506609589,0.597764673108
11,1.0,0.0,47438.0,400.0,411.0,404.0,101.0,0.66,75.79,1585.0,554.0,31150.0,,,,,2013.0,10.0,27.0,2014.0,1.0,27.0,,40.15236,-104.93266,4900.0,,,,,,,,,,,11.0,11.0,22.2939784946,45.161827957,30.967,21.2830769231,1.0,49.74,48.4738461538,1.0,2.0,24.0122222222,20.683125,1.0,24.0122222222,20.683125,1.0,4.0,9.25602150538,9.72817204301,1.26615384615,22.0,36.827,-11.6468461538,1.0,,,,,,,,,,,,,,,,,437.0,48.0,12.0,0.0,1.0,17.0,1.0,79.0,0.0,2.0,0.35,13.0,5.0,9956.0,11.0,50.9281799488,62.3683127126,0.464938228773,0.60452610855,-30.0228871578,0.925655542568,0.497221964399,46.2843421194,1.14412822412,0.988107070872,13.6366842425,1.02590652517,0.973333221338,5.12457056724,-1.11877923275e-05,1.00560508396,2.17431900034e-05,0.973384242053,1.55143349869,1.62653900455,1.61242352908,1.63503463606,1.58704738704,1.0436461987,1.54778252181,1.55297755442,1.59849110076,1.53626216713,1.52916375982,1.45583190856,1.60249561108,9.15220619049,0.420489850639,0.447987329528,0.837109905201,0.702561533889,0.888196093514,0.926787415631,1.01110603897,1.35833943418,1.25055443821,0.492113739223,0.47710502825,1.25233106021,1.25652864632,0.883546567633,0.469894359652,1.04247861135,1.25443070084,1.02785757346,0.733404540744,0.846836228529,1.26230786199,1.10551854655,0.862692015111,0.758155606202,0.628639093958,0.923837870044,0.0,0.0,0.0,0.0,40.2131701799,0.789605484042
12,1.0,0.0,71157.0,650.0,557.0,651.0,100.0,0.61,77.75,2184.0,959.0,43305.0,,,,,2013.0,10.0,27.0,2014.0,1.0,27.0,,40.04362,-105.06603,5084.0,,,,,,,,,,,12.0,12.0,21.8791397849,46.7255913978,30.881,20.26,1.0,51.571,50.0123076923,1.0,2.0,24.0517777778,19.8422916667,1.0,24.0517777778,19.8422916667,1.0,4.0,9.67086021505,8.16440860215,1.55869230769,24.0,38.408,-11.6043076923,1.0,,,,,,,,,,,,,,,,,728.0,48.0,22.0,0.0,2.0,10.0,0.0,86.0,0.0,2.0,0.25,6.0,2.0,10860.0,12.0,72.2898618781,86.2675012208,0.545664143425,0.729867120496,-33.7575740115,0.993609170942,0.534905236746,46.1654287833,1.15009031814,0.966280417441,15.9822144225,1.03849395967,0.960808537358,7.48058489812,-2.86390192527e-05,1.01434814865,0.000286000958021,0.931867773198,1.37946288484,1.52051798993,1.39948608605,1.38825403847,1.40885602893,1.50663298499,1.42528519529,1.53950934677,1.43523759488,1.70410717346,1.47073493236,1.52215445908,1.41931540564,-7.24568006696,0.801668920778,0.453136509255,1.52761422819,0.678752716304,0.886028762831,0.502116938699,1.23868787974,1.04403996524,1.17893298737,0.571426747111,0.640095313176,1.06572666724,1.2043645879,0.872967890876,0.607196737766,1.04369407356,1.23485245417,0.9741301286,0.778410863205,0.88539923307,1.25515874727,1.06717949183,0.878541394247,0.806906111581,0.76347131989,0.950842290791,0.0,0.0,0.0,0.0,41.3660150984,0.572224292919
13,0.0,1.0,126269.0,925.0,,531.0,57.0,0.46,62.57,2918.0,1621.0,57878.0,,,,,2013.0,10.0,27.0,2014.0,1.0,27.0,,40.09804,-104.93199,4993.0,,,,,,,,,,,13.0,13.0,22.2040860215,45.3364516129,30.998,20.9276923077,1.0,49.939,48.4938461538,1.0,2.0,24.0582222222,20.4658333333,1.0,24.0582222222,20.4658333333,1.0,4.0,9.34591397849,9.5535483871,1.44515384615,23.0,37.012,-11.4818461538,1.0,,,,,,,,,,,,,,,,,814.0,47.0,16.0,0.0,0.0,60.0,0.0,39.0,0.0,1.0,0.49,44.0,9.0,9956.0,13.0,102.526011819,118.269416941,0.617850804556,0.67846968663,-9.81124919277,0.913465210927,0.65342400495,28.4675544144,1.07553220947,0.992301203289,7.73858797093,1.00525254652,0.994094992478,1.10992546904,6.59573278296e-05,0.966955378757,0.00202645465504,1.15691248291,1.63685309918,1.60701544268,1.62428547047,1.62039732501,1.62180180257,1.61361124374,1.65235794314,1.63308330656,1.64912632347,2.02353151074,1.66820634676,1.71434206553,1.62207062798,-5.68849690983,0.710002552716,0.669264148501,1.33494921501,0.803369905686,1.10893811088,0.825285268078,1.1698031219,1.09732322093,1.15212308207,0.685257396181,0.716132798536,1.16700543329,1.15412792913,0.926563643947,0.689977217928,1.06719758179,1.16492904778,1.00640983757,0.841329310545,0.931769436361,1.17108730355,1.05973754009,0.919027753427,0.870141426316,0.812158839611,0.9879993696,0.0,0.0,0.0,0.0,48.2581468044,0.470691739086
14,0.0,1.0,161050.0,1225.0,414.0,601.0,49.0,0.46,177.14,3713.0,1976.0,73335.0,,,,,2013.0,10.0,27.0,2014.0,1.0,27.0,,40.1803,-105.08695,5015.0,,,,,,,,,,,14.0,14.0,22.0969892473,46.4864516129,30.987,20.5569230769,1.0,51.202,49.7438461538,1.0,2.0,24.15,20.1722916667,1.0,24.15,20.1722916667,1.0,4.0,9.45301075269,8.4035483871,1.45815384615,24.0,38.167,-11.5768461538,1.0,,,,,,,,,,,,,,,,,1016.0,47.0,14.0,1.0,1.0,84.0,1.0,12.0,0.0,1.0,0.3,78.0,7.0,10860.0,14.0,128.232614797,148.014556872,0.584717659844,0.602503488695,-3.0417806872,0.919862654871,0.644895503856,29.8921963577,1.09073149525,0.991180032488,9.12703659842,1.0201951362,0.979170593967,4.02124464045,9.08360939469e-05,0.954491116933,0.00311365600241,1.2160990675,1.55856075384,1.52736746057,1.49078316557,1.37781504975,1.36625511602,1.23979194092,1.28826389956,1.34031696431,1.58370271232,1.43829469118,1.4211151754,1.37807404166,1.46415630915,5.87930857888,0.82152019462,0.743101504617,1.29061153562,0.791136290758,1.10595239512,0.604531466668,1.4079235824,0.730146024805,1.18976111854,0.69690272944,0.655783813659,1.18894354416,1.17594103298,0.940798364022,0.679918031248,1.03931994213,1.18838129872,1.01605200236,0.835008039605,0.897065195485,1.19241992374,1.07460372617,0.923696309339,0.847024578974,0.780000830921,0.955285700501,0.0,0.0,0.0,0.0,65.7608146029,0.512824406698
15,0.0,1.0,104631.0,644.0,658.0,730.0,113.0,0.48,76.32,2551.0,1241.0,50219.0,,,,,2013.0,10.0,27.0,2014.0,1.0,27.0,,40.18639,-105.15725,5047.0,,,,,,,,,,,15.0,15.0,22.2755913978,44.8602150538,30.899,21.3461538462,1.0,49.468,48.1376923077,1.0,2.0,23.9433333333,20.7120833333,1.0,23.9433333333,20.7120833333,1.0,4.0,9.27440860215,10.0297849462,1.33030769231,22.0,36.497,-11.6406923077,1.0,,,,,,,,,,,,,,,,,775.0,54.0,20.0,0.0,3.0,20.0,0.0,74.0,0.0,3.0,0.41,20.0,5.0,9956.0,15.0,85.4048404476,98.6574858282,0.592578369619,0.594490413235,-0.322665104664,0.910382384809,0.567411210865,37.6733095529,1.1122279507,0.966421247535,13.1094262716,1.02745520083,0.971943211463,5.40286226804,-0.000278946358458,1.13975212559,0.0187142836082,0.336386613228,1.41947067567,1.39931587705,1.37962142212,1.35001263188,1.35571444014,1.08224119733,1.38455707441,1.39760766141,1.4424749827,1.39654360366,1.36075595664,1.3406849039,1.38082700937,2.90710604569,0.597170966466,0.566385318718,1.13808037817,0.872832788052,1.14716947814,1.00531802765,0.943869581773,0.480672966469,1.221576847,0.654502341064,0.637099007418,1.29204993222,1.22402155873,0.930956429276,0.637482888793,1.06407357686,1.22133531327,1.04042356566,0.822331363304,0.903649012763,1.22507336484,1.09788556998,0.922142734228,0.841362344838,0.734261538307,0.962637768002,0.0,0.0,0.0,0.0,53.2178375555,0.623124371834
16,1.0,0.0,48000.0,,572.0,497.0,,0.61,50.85,,,29086.0,1885.0,-19.0,0.23,,2014.0,11.0,2.0,2015.0,2.0,2.0,2004.0,40.1937,-105.0866,5038.0,,,,,,,,,,,16.0,16.0,52.9760215054,77.078172043,57.04,45.3323076923,1.0,79.98,70.4830769231,1.0,2.0,56.5526666667,49.6229166667,1.0,56.5526666667,49.6229166667,1.0,4.0,-21.4260215054,-22.188172043,9.49692307692,24.0,68.227,-2.25607692308,1.0,,,,,,,,,,,,,,,,,572.0,48.0,21.0,0.0,1.0,32.0,1.0,62.0,0.0,4.0,0.52,25.0,6.0,9956.0,16.0,51.5509161774,61.0936970754,0.485123547444,0.701036597791,-44.5068171775,0.689277676934,0.59849935185,13.1700660157,1.01691693581,0.925551782792,8.98452467501,1.0063892087,0.992944952565,1.33589033116,5.77763320713e-05,0.971054057632,0.000889793242699,1.137449894,1.47164475636,1.46938934966,1.43804153537,1.41768328523,1.42022490693,1.04754451357,1.46752812198,1.43066269839,1.47926689185,1.42865503921,1.40706410985,1.370731453,1.44339676671,5.03432703924,0.629960885006,0.616264587824,1.46548773182,0.720679729632,0.541325962597,0.498527287176,1.39270934043,0.719149840157,1.22595860211,0.899032556399,0.664934241869,1.2011021989,1.22563028202,1.07413478366,0.779537885743,1.25003340051,1.21529278066,1.13909893378,0.931233210325,1.026349956,1.12050404758,1.167873148,1.00491455827,0.994520606101,0.947970102692,1.06591154029,0.0,0.0,0.0,0.0,32.2532874129,0.625658859328
17,1.0,0.0,48000.0,,602.0,560.0,,0.65,52.1,,,31362.0,1975.0,-11.27,0.06,,2014.0,11.0,2.0,2015.0,2.0,2.0,2008.0,40.144,-105.1737,5055.0,,,,,,,,,,,17.0,17.0,52.7438709677,76.7798924731,56.795,45.2315384615,1.0,79.865,70.1261538462,1.0,2.0,56.2971111111,49.4127083333,1.0,56.2971111111,49.4127083333,1.0,4.0,-21.1938709677,-21.8898924731,9.73884615385,24.0,67.691,-2.43515384615,1.0,,,,,,,,,,,,,,,,,572.0,51.0,18.0,0.0,9.0,7.0,1.0,81.0,0.0,2.0,0.33,9.0,1.0,10860.0,17.0,54.5172105612,63.6314608391,0.600435953949,0.812553617728,-35.327275521,0.681936064537,0.648142996627,4.95545985427,1.04657558858,0.957107024103,8.54869590448,1.00046148387,0.998872686039,0.158806495972,0.000140923149612,0.929397502044,0.0055334289052,1.33525617293,1.55424992596,1.53290626472,1.52808413763,1.54872446726,1.50298775992,1.58898663883,1.48643322199,1.51068775522,1.53264546839,1.71708961417,1.55027952541,1.56716853972,1.5333905111,-2.20283276683,0.745654774236,0.580095070629,1.43316687565,0.679255151369,0.869366515392,0.551856657118,1.42772617369,0.617193166077,1.30532751423,0.654162609472,0.673702873912,1.17501099757,1.30356155498,0.970763701314,0.667989997865,1.19786785534,1.27129342106,1.10043232865,0.861762654273,1.0057683124,1.15334420644,1.15084110271,0.972653869263,0.917866886665,0.853538664592,1.03594965163,0.0,0.0,0.0,0.0,32.4801305174,0.595777556904
18,0.0,0.0,162000.0,,900.0,799.0,,0.41,72.93,,,65634.0,4473.0,-51.2,0.59,,2014.0,11.0,2.0,2015.0,2.0,2.0,2005.0,40.04572,-105.01801,5145.0,,,,,,,,,,,18.0,18.0,53.6889247312,78.5722580645,57.785,46.1853846154,1.0,82.112,71.8138461538,1.0,2.0,57.2302222222,50.3689583333,1.0,57.2302222222,50.3689583333,1.0,4.0,-22.1389247312,-23.6822580645,10.2981538462,24.0,68.881,-2.93284615385,1.0,,,,,,,,,,,,,,,,,799.0,47.0,23.0,0.0,3.0,16.0,0.0,79.0,0.0,2.0,0.35,10.0,4.0,9956.0,18.0,118.599316824,134.011820828,0.59361493342,0.71630085649,-20.6675937823,0.72389497074,0.707612102217,2.24934129683,1.02313268607,0.977498083587,4.46028194641,0.998181276373,1.00203384806,-0.385959122071,0.000136048767364,0.931839567551,0.00802285800576,1.32366001756,1.49842961778,1.48952902976,1.50368540853,1.53701714123,1.65440653932,1.52898768979,1.43729730281,1.38807284176,1.38852978095,1.70336072637,1.51293160783,1.48924966834,1.53661354732,3.08235464086,0.826334396485,0.665557084712,1.45571515885,0.728222157134,0.925071165022,0.721291837831,1.29754431734,0.913008433956,1.27019182026,0.731057861224,0.821511054743,1.13981426798,1.23107712642,0.986570804105,0.760865007582,1.12963878972,1.20857164844,1.07374633545,0.909728571327,1.01242805032,1.11125845109,1.10492087689,0.999844383559,0.942085503046,0.904153673643,1.05424335639,0.0,0.0,0.0,0.0,55.3481069951,0.466681499332
19,0.0,1.0,92700.0,,467.0,467.0,,0.34,67.23,,,31395.0,1729.0,-0.05,-0.05,,2014.0,11.0,2.0,2015.0,2.0,2.0,1976.0,40.184,-105.1178,5023.0,,,,,,,,,,,19.0,19.0,52.9216129032,76.8555913978,56.912,45.3915384615,1.0,79.248,70.7515384615,1.0,2.0,56.3828888889,49.6766666667,1.0,56.3828888889,49.6766666667,1.0,4.0,-21.3716129032,-21.9655913978,8.49646153846,23.0,68.652,-2.09953846154,1.0,,,,,,,,,,,,,,,,,432.0,49.0,15.0,1.0,1.0,63.0,2.0,32.0,0.0,1.0,0.46,74.0,9.0,10860.0,19.0,50.7332266523,59.9652065276,0.590766792055,0.710742077123,-20.3084003165,0.627985354564,0.567894580507,9.56881774727,1.03342182132,0.996702928818,3.5531369424,0.962819245633,1.03647035966,-7.64952657064,-0.00014454869135,1.07241889437,0.00449948237991,0.656118663278,1.49920181031,1.58109059026,1.59055573419,1.54876794359,1.53184916711,1.49935202783,1.43918362346,1.43560264886,1.43512914382,1.67978800517,1.52405206946,1.49781108983,1.55029304909,3.38529281898,0.553597745369,0.515674279685,1.48104251866,0.750244694111,0.972451008816,0.987069067093,1.32331722778,0.652888040704,1.25890441966,0.562804080511,0.628433724876,1.2397349444,1.27536211425,0.903211706851,0.582016067807,1.23412577351,1.27334026859,1.03783550728,0.795833068118,1.0037700632,1.13923872792,1.11592241964,0.911600906004,0.893528567529,0.82239709881,1.08019993036,0.0,0.0,0.0,0.0,34.459520474,0.679229821319
20,1.0,0.0,,,503.0,468.0,,,44.54,,,22403.0,1478.8,-13.29,0.13,,2014.0,11.0,2.0,2015.0,2.0,2.0,,40.2325,-105.0021,5062.0,,,,,,,,,,,20.0,20.0,53.3776344086,78.374516129,57.556,45.6553846154,1.0,81.638,71.67,1.0,2.0,56.9677777778,50.011875,1.0,56.9677777778,50.011875,1.0,4.0,-21.8276344086,-23.484516129,9.968,24.0,68.929,-2.741,1.0,,,,,,,,,,,,,,,,,503.0,48.0,19.0,0.0,0.0,18.0,0.0,81.0,0.0,1.0,0.31,11.0,2.0,9956.0,20.0,38.267392287,44.4685573258,0.472064364473,0.72727883393,-54.063489783,0.597787330341,0.600757978024,-0.496940556006,1.04466409422,0.96600999985,7.5291277648,0.993294978412,1.00598477434,-1.2775455634,-0.000349706566456,1.17520298979,0.0267466711916,0.168048078401,1.40034830685,1.41271693366,1.50742962428,1.43714848739,1.34459990057,1.36499543698,1.38691712335,1.39975695472,1.36374363865,1.56715311703,1.41848095235,1.41651325415,1.42044865055,0.277053056615,0.894955009925,0.554931370389,1.58250301494,0.536530947001,1.59026615727,0.489447184921,1.42813844601,0.424250970932,1.3039344923,0.577649933811,0.688381213333,1.18080029264,1.32520392332,0.937629432141,0.654763431799,1.20634230163,1.32724199808,1.07188393904,0.847255477718,1.00531836271,1.1846555062,1.15625103834,0.961425231364,0.898401255485,0.856053474651,1.05386697406,0.0,0.0,0.0,0.0,25.1916808838,0.658306703914
21,0.0,0.0,,,871.0,871.0,,,75.8,,,66024.0,4163.0,-29.59,0.27,,2014.0,11.0,2.0,2015.0,2.0,2.0,,40.1852,-104.997,4930.0,,,,,,,,,,,21.0,21.0,53.7291397849,78.9739784946,57.897,46.0438461538,1.0,82.401,72.2238461538,1.0,2.0,57.2964444444,50.3847916667,1.0,57.2964444444,50.3847916667,1.0,4.0,-22.1791397849,-24.0839784946,10.1771538462,25.0,69.301,-2.92284615385,1.0,,,,,,,,,,,,,,,,,776.0,51.0,18.0,0.0,2.0,19.0,0.0,79.0,0.0,0.0,0.34,19.0,5.0,10860.0,21.0,109.768888784,130.386716048,0.591199520727,0.680522482257,-15.1087675815,0.74782568924,0.572574198251,23.434804863,1.1129734572,0.90314024192,18.8533889934,1.03342937101,0.965889607798,6.53549870972,1.71294117166e-05,0.99141816473,7.6541699363e-05,1.04075087047,1.57898630656,1.63662335202,1.60057814233,1.54024650689,1.55639173019,1.5560084145,1.55156738029,1.59483548325,1.53167242937,1.83390776696,1.59808175124,1.61359829487,1.5825652076,-1.96093577231,0.673707116607,0.551889508776,2.08641585149,0.619803766081,1.55010348168,0.823937018475,0.963091525696,1.08341215708,1.33773569264,0.621475776664,0.737267315675,1.15226182455,1.3372515588,0.965814092238,0.663990610302,1.20861754521,1.32913043315,1.09214784284,0.867418487038,0.997418406981,1.23902868852,1.16253004701,0.984997788438,0.903432749402,0.866958782324,1.06283982619,0.0,0.0,0.0,0.0,69.3312413506,0.631611034042
22,1.0,0.0,,,346.0,298.0,,,54.29,,,18785.0,1517.0,-13.64,0.08,,2014.0,11.0,2.0,2015.0,2.0,2.0,,40.18337,-105.11473,5017.0,,,,,,,,,,,22.0,22.0,53.3419354839,78.3092473118,57.521,45.6138461538,1.0,81.547,71.6130769231,1.0,2.0,56.9348888889,49.9735416667,1.0,56.9348888889,49.9735416667,1.0,4.0,-21.7919354839,-23.4192473118,9.93392307692,24.0,68.897,-2.71607692308,1.0,,,,,,,,,,,,,,,,,375.0,50.0,17.0,0.0,1.0,22.0,0.0,74.0,0.0,3.0,0.41,56.0,10.0,8114.0,22.0,35.8766191519,40.6813129543,0.457909058277,0.658398251797,-43.7836268788,0.633003570349,0.738213012542,-16.6206712127,1.03985831195,0.974064065096,6.32723190222,1.00165981718,0.997820955246,0.38325006852,-0.00029115311831,1.14586771227,0.0304055942344,0.30734673154,1.64277684765,1.65550987093,1.62953588539,1.63779640221,1.59026615727,1.55034471274,1.49668428816,1.54420311281,1.51427658313,1.73921940036,1.60006132607,1.56894561944,1.63117703269,3.81512319036,0.858131586442,0.647884697764,1.51389916193,0.672494702772,1.37312398654,0.71612062083,1.11269174145,0.620431502276,1.40515724609,0.732889244351,0.716030872127,1.15228908035,1.34528264916,1.02703778018,0.730860415591,1.15862225096,1.29774750501,1.13012426186,0.876146884703,0.991079833948,1.15938658348,1.16609584684,1.00839947505,0.926532186549,0.895077310427,1.02426008189,0.0,0.0,0.0,0.0,18.4178612434,0.513366690586
23,1.0,0.0,,,437.0,384.0,,,61.36,,,26814.0,1992.0,-26.34,0.31,,2014.0,11.0,2.0,2015.0,2.0,2.0,,40.168,-105.0779,5005.0,,,,,,,,,,,23.0,23.0,53.2943010753,78.1913978495,57.478,45.5323076923,1.0,81.334,71.5223076923,1.0,2.0,56.8975555556,49.91625,1.0,56.8975555556,49.91625,1.0,4.0,-21.7443010753,-23.3013978495,9.81169230769,24.0,68.909,-2.61330769231,1.0,,,,,,,,,,,,,,,,,454.0,49.0,15.0,0.0,1.0,89.0,1.0,9.0,0.0,0.0,0.2,67.0,12.0,9956.0,23.0,47.4967446188,57.6166237731,0.47929280128,0.553087542964,-15.396588784,0.585717874132,0.562635335647,3.94089706059,1.02760547589,0.990139791218,3.64592108075,0.950545308686,1.04860344399,-10.315987508,0.000307435289809,0.845974919806,0.0207973290259,1.73138855445,1.13087256551,1.59660709974,1.63290458829,1.60875171273,1.55431351672,1.56185556818,1.45572801247,1.33585078612,1.34020189934,1.35519931256,1.45722850617,1.40976711573,1.5046898966,6.30846136992,0.818943267253,0.557562394635,1.53909651021,0.775120254525,0.82253571099,0.477936178771,1.33233292551,0.859767174445,1.45918960905,0.516254011533,0.613563703517,1.31526089234,1.36181233584,0.921257287475,0.568040829601,1.31219545661,1.30327865987,1.06386963676,0.761585511101,1.0368975532,1.1660889764,1.11684286309,0.935986535587,0.906736667786,0.830464551111,1.11288033514,0.0,0.0,0.0,0.0,33.5246176297,0.705829797363
24,0.0,1.0,129000.0,,814.0,281.0,,0.42,66.45,,,54092.0,3389.0,-27.76,0.32,,2014.0,11.0,2.0,2015.0,2.0,2.0,1970.0,40.09804,-104.93199,4993.0,,,,,,,,,,,24.0,24.0,53.8723655914,79.1940860215,58.037,46.2230769231,1.0,82.699,72.42,1.0,2.0,57.424,50.5427083333,1.0,57.424,50.5427083333,1.0,4.0,-22.3223655914,-24.3040860215,10.279,25.0,69.427,-2.993,1.0,,,,,,,,,,,,,,,,,814.0,47.0,17.0,0.0,0.0,60.0,0.0,39.0,0.0,1.0,0.49,44.0,9.0,9956.0,24.0,96.6660694795,109.737776911,0.634158274046,0.81467541221,-28.465628464,0.765458026552,0.686897457021,10.2632106276,1.04789381327,0.944588513212,9.85837484196,1.00740182674,0.992178816554,1.51111599974,8.29111619258e-05,0.958461507875,0.00290608922706,1.19724565422,1.46785894928,1.53182487832,1.67428872562,1.41893954324,1.42089076072,1.40680352283,1.30372176351,1.35607422547,1.3706680443,1.47831970571,1.4429390119,1.38311745236,1.50276057144,7.96155564274,0.78361617436,0.64379192664,1.31884336602,0.809422848744,1.335463591,0.72111090135,1.11745254825,1.04345801298,1.2128956498,0.733134850654,0.791824698292,1.15883716021,1.21904324679,0.977426908689,0.75367450927,1.16788787405,1.21942445326,1.06174384487,0.902509861463,1.02290040996,1.14397099913,1.11695466724,0.980106308547,0.950459020132,0.893965501891,1.05549580002,0.0,0.0,0.0,0.0,45.5433061725,0.471140560672
25,0.0,1.0,120000.0,,671.0,671.0,,0.47,83.72,,,56175.0,3171.0,-17.0,0.28,,2014.0,11.0,2.0,2015.0,2.0,2.0,2005.0,40.17726,-105.0583,4974.0,,,,,,,,,,,25.0,25.0,53.3917204301,78.403655914,57.57,45.6915384615,1.0,81.717,71.6838461538,1.0,2.0,56.9753333333,50.0320833333,1.0,56.9753333333,50.0320833333,1.0,4.0,-21.8417204301,-23.513655914,10.0331538462,25.0,68.9,-2.78384615385,1.0,,,,,,,,,,,,,,,,,657.0,47.0,18.0,1.0,3.0,47.0,0.0,46.0,0.0,0.0,0.53,45.0,7.0,10860.0,25.0,98.2163758175,116.376693268,0.575295860489,0.612406236835,-6.45065937294,0.701898689795,0.593537131103,15.4383474805,1.02613223269,0.977973871829,4.69319248796,0.973079399461,1.02616290702,-5.45520823789,0.000178978314736,0.910331864317,0.00748930363038,1.42578941076,1.51251740761,1.58342656655,1.7248331221,1.48584925893,1.69608608796,1.66454043578,1.43250485275,1.65810309958,1.46477538032,1.7377210547,1.59603572663,1.59152896463,1.60054248863,0.563154309744,0.589086928004,0.550588392159,1.93158367127,0.730057771397,1.09287278868,0.861739332856,1.07054603047,1.19397345398,1.24018801207,0.653985429374,0.693197877424,1.24644528257,1.22430865835,0.950847836598,0.657752648073,1.24023440837,1.21651420699,1.04472804176,0.85174736372,1.01120533311,1.13175437505,1.09188429835,0.948857525807,0.921900357174,0.869468436847,1.10296574255,0.0,0.0,0.0,0.0,64.4977581984,0.656690472048
26,0.0,1.0,129900.0,1101.0,938.0,928.0,84.0,0.51,70.7,2982.0,1160.0,65607.0,,,,,2013.0,12.0,31.0,2014.0,3.0,31.0,1973.0,39.6991,-104.8396,5567.0,,,,,,,,,,,26.0,26.0,21.6784946237,43.7720430108,30.286,25.4961538462,1.0,55.126,48.5384615385,1.0,2.0,24.1195555556,19.39,1.0,24.1195555556,19.39,1.0,4.0,9.87150537634,11.1179569892,6.58753846154,22.0,45.587,-2.95146153846,1.0,,,,,,,,,,,,,,,,,930.0,50.0,18.0,0.0,3.0,52.0,28.0,13.0,0.0,4.0,0.64,67.0,8.0,11054.0,26.0,74.4868996134,86.3771540511,0.685011476848,0.647238212763,5.51425273329,1.17433003426,0.594583577413,49.368272967,1.49194154153,0.665072280829,55.4223632553,1.3309007883,0.669104746308,49.7254226468,-0.00115150762273,1.57690531899,0.221573887975,-1.73943663447,1.39444909486,1.4276429773,1.4106238192,1.41937445918,1.40884195088,1.41730246614,1.29274891146,1.29222781914,1.3211346676,1.46756139368,1.38519075594,1.3581950516,1.41218646028,3.82324928035,0.66123510355,0.601656248114,0.85608759837,0.714856645912,1.50558915881,0.59709920227,0.590958901686,0.758589018224,1.63693372617,0.72880577724,0.671745472377,0.661557094975,1.66207142396,1.12350840663,0.668735902525,0.691386830519,1.66146287648,1.31813040144,0.944567963182,0.680458610945,1.66136663178,1.43348471959,1.11765940393,0.692545402519,0.68244173342,0.688318173115,1.0,0.0,0.0,0.0,54.3180894865,0.729230103125
27,0.0,1.0,78100.0,613.0,600.0,589.0,96.0,0.74,98.34,2633.0,1196.0,57924.0,,,,,2013.0,12.0,31.0,2014.0,3.0,31.0,2008.0,39.72039,-104.78676,5499.0,,,,,,,,,,,27.0,27.0,21.5238709677,45.248172043,30.458,24.94,1.0,56.182,50.0446153846,1.0,2.0,23.8315555556,19.3604166667,1.0,23.8315555556,19.3604166667,1.0,4.0,10.0261290323,9.64182795699,6.13738461538,23.0,47.174,-2.87061538462,1.0,,,,,,,,,,,,,,,,,589.0,56.0,21.0,0.0,11.0,18.0,9.0,54.0,1.0,7.0,0.66,14.0,5.0,11054.0,27.0,70.181620522,79.8104307815,0.790046384617,0.620232677961,21.4941438836,1.19551611458,0.57382320505,52.0020518293,1.43808735734,0.67742211728,52.8942303942,1.28760312461,0.712453359216,44.6682486551,-0.000994107043835,1.49804762896,0.259168305671,-1.36498065728,1.48906017579,1.50142781267,1.5396851906,1.536788137,1.53708696912,1.54557609344,1.53497505405,1.50565731597,1.48575199468,1.81879365384,1.54948023972,1.5781508224,1.52080965704,-3.77043669434,0.844472840669,0.451782057071,1.03275673282,0.629227959693,0.832473893638,0.495094920853,0.677353613833,0.697016786597,1.84018333047,0.742688941612,0.659684657079,0.837884638558,1.64035171799,1.27061640678,0.655905832485,0.83848219878,1.58079696278,1.34539915677,0.898964347048,0.771229084669,1.5631669001,1.37321727276,1.1342690929,0.764094048905,0.718553778083,0.77447884719,0.0,0.0,0.0,0.0,41.469520131,0.590888609048
28,0.0,0.0,127151.0,1126.0,1066.0,1235.0,110.0,0.86,88.69,4978.0,2977.0,109527.0,,,,,2013.0,12.0,31.0,2014.0,3.0,31.0,,39.736,-104.8706,5372.0,,,,,,,,,,,28.0,28.0,21.1412903226,44.085483871,29.791,24.6707692308,1.0,56.832,48.4538461538,1.0,2.0,23.5708888889,18.8635416667,1.0,23.5708888889,18.8635416667,1.0,4.0,10.4087096774,10.804516129,8.37815384615,22.0,45.976,-2.47784615385,1.0,,,,,,,,,,,,,,,,,1241.0,47.0,20.0,0.0,10.0,74.0,10.0,5.0,0.0,1.0,0.43,84.0,5.0,11054.0,28.0,145.574425236,165.198237608,0.754384278846,0.433960237986,42.4749096509,1.1678168084,0.67267116031,42.3992568466,1.35171159087,0.689859863884,48.9639751154,1.26082070673,0.739296583636,41.3638608812,-0.000828092317837,1.41487425124,0.197288437776,-0.970031624134,2.14910747304,2.10997264256,2.17894072189,2.09941159604,1.85876435867,,,,,,2.07923935844,,2.07923935844,,0.60167115719,0.800240930845,1.27758113136,0.409079907748,0.639180751006,0.750586997346,0.870057873735,0.611918138776,1.55991875739,0.840766286698,0.84703441779,0.850670696073,1.43243895605,1.12253271057,0.95147316076,0.876061666974,1.4361882969,1.22888747848,1.04224541416,0.91242772043,1.44315874821,1.29947570515,1.17166374997,0.894512361997,0.959679974387,0.857643258647,0.0,0.0,0.0,0.0,82.8108607139,0.568855831508
29,1.0,0.0,71715.0,701.0,699.0,723.0,103.0,0.84,82.84,2723.0,1513.0,59896.0,,,,,2013.0,12.0,31.0,2014.0,3.0,31.0,,39.7429,-104.8711,5345.0,,,,,,,,,,,29.0,29.0,21.5064516129,44.3866666667,30.18,25.1415384615,1.0,55.595,49.1684615385,1.0,2.0,23.8788888889,19.2822916667,1.0,23.8788888889,19.2822916667,1.0,4.0,10.0435483871,10.5033333333,6.42653846154,22.0,46.263,-2.90546153846,1.0,,,,,,,,,,,,,,,,,734.0,48.0,18.0,1.0,21.0,60.0,14.0,3.0,0.0,1.0,0.58,83.0,5.0,9920.0,29.0,77.082923405,89.1582897716,0.962774359635,0.462110868355,52.002162944,1.16787137018,0.533228987938,54.3418049664,1.3681706,0.642579294394,53.0336864136,1.26813986561,0.731909854249,42.284768889,-0.000757169464219,1.37934190157,0.150189125105,-0.801306155378,1.83605426299,1.78891858434,1.73066617597,1.88720717908,1.92403776811,1.51935961904,1.64588168859,,,,1.76173218259,1.58262065381,1.8333767941,13.6772834199,0.646353299631,0.884185218131,1.14289261635,0.695103807552,1.05578144337,0.82071104808,0.768500293852,0.753602763437,1.48544838454,0.819708446119,0.850545905972,0.936200553186,1.47426649586,1.08080260426,0.891544971644,0.946245643153,1.46843988617,1.23735915805,1.03527692656,0.931949903942,1.47483837798,1.31171902768,1.14781979106,0.903889539486,0.929568963953,0.902098016277,0.0,0.0,0.0,0.0,46.4835750976,0.603033370353
30,0.0,1.0,117255.0,1126.0,989.0,1042.0,93.0,0.78,87.57,4148.0,1800.0,91247.0,,,,,2013.0,12.0,31.0,2014.0,3.0,31.0,,39.7341,-104.8131,5431.0,,,,,,,,,,,30.0,30.0,21.5431182796,42.9217204301,30.074,25.5269230769,1.0,54.552,47.7515384615,1.0,2.0,24.1333333333,19.1147916667,1.0,24.1333333333,19.1147916667,1.0,4.0,10.0068817204,11.9682795699,6.80046153846,21.0,44.456,-3.29553846154,1.0,,,,,,,,,,,,,,,,,1051.0,49.0,16.0,0.0,5.0,70.0,15.0,7.0,0.0,3.0,0.45,81.0,6.0,9920.0,30.0,107.242225759,123.770765188,0.708668825941,0.513052035526,27.6034140708,1.26131343485,0.592962057971,52.9885243758,1.47170150984,0.648440732639,55.9393852418,1.32029943269,0.679778399818,48.5133157685,-0.00119531999304,1.59885531651,0.211913611533,-1.84366626343,1.97890669282,1.73547085473,1.60930347917,2.0976164271,1.51884110864,1.02990852147,0.966739322698,0.995169371759,0.931731667991,,1.42929860515,0.980887220979,1.78802771249,45.1413860017,0.630218079461,0.729559264378,1.06035118967,0.629275892554,0.63154956785,0.565350793323,0.687417523339,0.649320917771,1.6543252143,0.701183796892,0.697740061532,0.792427666306,1.55276180797,1.06147934062,0.730529233405,0.779953904005,1.57177805495,1.28297518743,0.955506790027,0.761303575702,1.6178992042,1.35707535593,1.1302113961,0.746273631,0.748436716996,0.738622390247,0.0,0.0,0.0,0.0,82.1958675745,0.766450593437
31,1.0,0.0,69725.0,676.0,756.0,759.0,112.0,0.72,65.82,2271.0,1833.0,49955.0,,,,,2013.0,12.0,31.0,2014.0,3.0,31.0,,39.7315,-104.815,5440.0,,,,,,,,,,,31.0,31.0,21.5969892473,43.1547311828,30.182,25.5330769231,1.0,55.004,47.8376923077,1.0,2.0,24.1466666667,19.2066666667,1.0,24.1466666667,19.2066666667,1.0,4.0,9.95301075269,11.7352688172,7.16630769231,21.0,44.743,-3.09469230769,1.0,,,,,,,,,,,,,,,,,746.0,47.0,17.0,0.0,3.0,73.0,16.0,5.0,0.0,3.0,0.44,86.0,7.0,9920.0,31.0,86.3234797887,94.4867908984,0.89260043442,0.74471751993,16.567649845,1.13051751184,0.735657526597,34.9273656628,1.26491893536,0.77168915055,38.9929956,1.19176136833,0.808119771423,32.1911422121,-0.000648002036042,1.32464902006,0.234657921809,-0.541596843744,1.96909420241,1.80588594221,1.82141083849,1.8895632971,1.62192681891,0.93477983848,0.9214683282,,,,1.56630418083,0.92812408334,1.82157621982,49.0482982134,0.835730354135,0.864958149449,1.18118126938,0.904594901204,1.08046456522,0.784104353709,0.777379229562,0.764270188468,1.31758699978,0.904012899075,0.844053893042,0.88823354987,1.31345345542,1.07546914929,0.893039323576,0.90752566712,1.33303522875,1.17694432917,1.00863147343,0.887953197827,1.34077559383,1.22841751616,1.08587035501,0.891968123139,0.910304340822,0.878039514302,1.0,0.0,0.0,0.0,33.4384572782,0.387362249067
32,1.0,0.0,63062.0,613.0,668.0,671.0,109.0,0.54,50.79,1549.0,718.0,34078.0,,,,,2013.0,12.0,31.0,2014.0,3.0,31.0,,39.6781,-104.7646,5684.0,,,,,,,,,,,32.0,32.0,21.5175268817,44.3110752688,30.179,25.1584615385,1.0,55.561,49.0692307692,1.0,2.0,23.9006666667,19.2833333333,1.0,23.9006666667,19.2833333333,1.0,4.0,10.0324731183,10.5789247312,6.49176923077,22.0,46.177,-2.89223076923,1.0,,,,,,,,,,,,,,,,,684.0,47.0,21.0,0.0,7.0,36.0,22.0,29.0,0.0,6.0,0.74,38.0,12.0,9920.0,32.0,42.2540873002,48.081561119,0.962524267795,0.654090174369,32.0442926736,1.15090122058,0.554039666395,51.8603632973,1.37778381972,0.689399992779,49.9631231757,1.25829707665,0.741587574344,41.064189999,-0.000920159834183,1.46100007693,0.185701003344,-1.18906024552,2.42284871687,2.07037054072,1.84843511511,2.25360375958,1.82415982569,,,,,,2.08388359159,,2.08388359159,,0.726031448864,0.719454559745,1.2543121532,0.628687850793,1.19099093014,0.699493150007,0.714760101594,0.758466066024,1.3547795487,0.747789914322,0.742213523356,0.862731211376,1.43261829243,1.07927071391,0.727267794193,0.897138214302,1.49157256699,1.18880548356,0.959158675795,0.837118502316,1.51137854454,1.29925696549,1.05806389402,0.814786355318,0.812836195608,0.842384238797,0.0,0.0,0.0,0.0,26.6559613947,0.630849299981
33,0.0,1.0,107032.0,1051.0,687.0,742.0,71.0,0.53,76.7,2587.0,1395.0,56913.0,,,,,2013.0,12.0,31.0,2014.0,3.0,31.0,,39.7214,-104.8436,5455.0,,,,,,,,,,,33.0,33.0,21.6967741935,43.8106451613,30.353,25.4430769231,1.0,55.273,48.5961538462,1.0,2.0,24.1817777778,19.3670833333,1.0,24.1817777778,19.3670833333,1.0,4.0,9.85322580645,11.0793548387,6.67684615385,22.0,45.621,-2.97515384615,1.0,,,,,,,,,,,,,,,,,801.0,49.0,18.0,1.0,3.0,65.0,21.0,7.0,0.0,3.0,0.6,82.0,8.0,9920.0,33.0,74.5166074341,85.2631916855,0.914475818297,0.517181340067,43.4450501895,1.08666281222,0.569310820606,47.6092478547,1.33500304782,0.67474231756,49.4576196915,1.25756460905,0.742700039148,40.9414010379,-0.000776617562719,1.38908539892,0.142766986446,-0.847573181708,1.6465999021,1.61026008278,1.53272882442,1.62606936867,1.48149556335,0.942992521977,,,,,1.47335771055,0.942992521977,1.57943074826,40.2954182693,0.543133784476,0.97318564794,1.1141209318,0.553422065202,0.688729585765,0.793218303831,0.854860439947,0.735869260079,1.444586187,0.771663983256,0.793904951797,0.95547575317,1.45619859816,1.08004969221,0.883912011269,0.938577990982,1.45914840202,1.22366999275,1.03842865601,0.938182756391,1.43495627906,1.30463811773,1.13996803875,0.896553063107,0.943999079809,0.890693890886,0.0,0.0,0.0,0.0,46.420081618,0.622949476854
34,1.0,0.0,68887.0,700.0,716.0,731.0,104.0,0.6,56.56,1879.0,819.0,41345.0,,,,,2013.0,12.0,31.0,2014.0,3.0,31.0,,39.7026,-104.8026,5479.0,,,,,,,,,,,34.0,34.0,21.6769892473,43.1984946237,30.316,25.48,1.0,55.351,47.5623076923,1.0,2.0,24.274,19.2422916667,1.0,24.274,19.2422916667,1.0,4.0,9.87301075269,11.6915053763,7.78869230769,21.0,44.78,-2.78230769231,1.0,,,,,,,,,,,,,,,,,695.0,50.0,18.0,0.0,3.0,52.0,27.0,11.0,1.0,6.0,0.65,66.0,11.0,9920.0,34.0,50.3042774402,57.0002728121,0.734191883859,0.490296256005,33.2196028335,1.18795119694,0.588465543893,50.4638283619,1.41755065029,0.699826454059,50.6312910996,1.27911822275,0.720723344263,43.654673083,-0.00113704453519,1.56965931213,0.228108989804,-1.70502894921,2.05426620084,2.0422161733,1.91426164294,1.71820297501,1.80334973746,1.03020156589,0.947795262306,,,,1.64432765111,0.988998414098,1.90645934591,48.1238130664,0.699052336191,0.765649546756,0.997399229392,0.560418534537,0.59886388071,0.569765248834,0.643334720107,0.629216191582,1.51345596916,0.719206949456,0.687008800187,0.770391630363,1.52120273419,1.07784609343,0.728017338178,0.803861276415,1.53353521068,1.21957892132,0.936717510168,0.76502576305,1.55873088095,1.31340409395,1.08090212492,0.753571059652,0.772223737867,0.752341587147,0.0,0.0,0.0,0.0,34.618903153,0.68819004893
35,0.0,1.0,112408.0,926.0,956.0,1046.0,113.0,0.66,70.72,3363.0,2430.0,73978.0,,,,,2013.0,12.0,31.0,2014.0,3.0,31.0,,39.71917,-104.70112,5611.0,,,,,,,,,,,35.0,35.0,21.6812903226,43.5561290323,30.289,25.4838461538,1.0,55.077,48.3161538462,1.0,2.0,24.1957777778,19.3239583333,1.0,24.1957777778,19.3239583333,1.0,4.0,9.86870967742,11.3338709677,6.76084615385,21.0,45.295,-3.02115384615,1.0,,,,,,,,,,,,,,,,,1030.0,48.0,16.0,1.0,4.0,44.0,16.0,30.0,0.0,5.0,0.69,39.0,11.0,9920.0,35.0,114.245664361,123.088777735,0.910216082873,0.766527197156,15.7862389404,0.984546913751,0.761208693655,22.6843654657,1.17076113528,0.807345100255,31.0410060663,1.13360701181,0.866525625499,23.5603153058,-0.00042048454491,1.210662757,0.0993955881924,-0.000332732340455,1.8904630538,1.88030421817,1.90324809878,1.92235941841,1.7705987545,0.983628210064,1.00193504059,0.980718225696,0.976087013405,0.912765516127,1.42221075495,0.971026801176,1.87339470873,48.1675272888,0.699015777409,1.00763079073,1.34991843693,0.741994124163,1.02821999709,1.08051828207,0.89273339404,0.84778479337,1.08760553062,0.897341794319,0.960140777038,1.01681779568,1.18885601161,0.960646015517,1.00418575935,1.04483145574,1.26631345849,1.03807363215,1.04605209418,1.03538997467,1.23226851849,1.14700117192,1.05644045329,1.00087792958,1.04241695384,0.990865888962,0.0,1.0,0.0,0.0,43.4923631695,0.38069158609
36,1.0,0.0,48000.0,,572.0,482.0,,0.97,96.82,1732.0,854.0,46668.0,,,,,2013.0,1.0,8.0,2013.0,4.0,8.0,2004.0,40.1937,-105.0866,5038.0,,,,,,,,,,,36.0,36.0,21.7140659341,44.8565934066,16.411,28.8590909091,0.0,38.414,52.9936363636,0.0,0.0,16.9808888889,26.3443478261,0.0,16.9808888889,26.3443478261,0.0,0.0,9.83593406593,10.0334065934,-14.5796363636,23.0,52.652,-0.341636363636,1.0,,,,,,,,,,,,,,,,,572.0,48.0,21.0,0.0,1.0,32.0,1.0,62.0,0.0,4.0,0.52,25.0,6.0,9956.0,36.0,42.910282722,49.7525623768,0.893110250013,0.862191501969,3.4619183963,1.295337229,0.584375560672,54.8862220905,1.53036098226,0.628080413499,58.9586757125,1.35398776735,0.645723694959,52.3094882737,-0.0011175558636,1.55989548766,0.221393142252,-1.65866539951,2.21855950705,2.1116540514,2.0668465428,2.02879938064,1.82117644803,1.00337683554,,,,,1.87506879424,1.00337683554,2.04940718598,51.0406305588,0.767608888909,0.458530493459,0.956241650069,0.699283825777,2.03805629658,0.565114041963,0.578506552394,0.71245328427,1.61656668414,0.623529599246,0.612285775244,0.721884708217,1.62733285622,1.14703723379,0.595868536255,0.711083361556,1.644025592,1.33973509468,0.92369693603,0.666140825606,1.65994382211,1.42961722051,1.09691437306,0.655488019016,0.628098561777,0.688699233986,0.0,0.0,0.0,0.0,30.6767365773,0.714904088981
37,1.0,0.0,,,451.0,310.0,,,60.06,1008.0,415.0,18618.0,,,,,2013.0,1.0,8.0,2013.0,4.0,8.0,,40.0504,-105.0563,5036.0,,,,,,,,,,,37.0,37.0,21.78,45.6936263736,16.234,29.07,0.0,39.107,54.27,0.0,0.0,16.9022222222,26.5517391304,0.0,16.9022222222,26.5517391304,0.0,0.0,9.77,9.19637362637,-15.163,23.0,54.17,-0.1,1.0,,,,,,,,,,,,,,,,,451.0,50.0,19.0,0.0,3.0,17.0,1.0,77.0,0.0,2.0,0.38,17.0,3.0,9956.0,37.0,23.9613516774,28.1263118089,0.857564911889,0.575110803661,32.9367613242,1.33704034591,0.513740086113,61.5763213364,1.57524475956,0.593869660576,62.2998485174,1.37888776304,0.620828086788,54.9761696763,-0.00134077335044,1.67172744857,0.192402336311,-2.18969980069,1.42587784802,1.69181342054,1.60895920074,1.42672677779,1.31493099335,1.11311298675,1.1434080847,1.11810997416,1.02351475044,,1.31849489294,1.09953644901,1.49366164809,26.3865112678,0.639098109412,0.510723808229,1.00549231635,0.64943446745,1.69662465175,0.517077985291,0.518771233355,0.63806889159,1.6072711092,0.572487115271,0.591254107475,0.663486670019,1.62192580511,1.07840162651,0.578385846683,0.699704612209,1.68288664017,1.27528224927,0.912688958058,0.655302145175,1.73446819363,1.40763824403,1.08633449584,0.634598387699,0.623335878123,0.669995092646,0.0,0.0,0.0,0.0,21.7921232279,0.909469696089
38,0.0,0.0,162000.0,,900.0,758.0,,0.45,95.72,3540.0,2653.0,72558.0,,,,,2013.0,1.0,8.0,2013.0,4.0,8.0,2005.0,40.04572,-105.01801,5145.0,,,,,,,,,,,38.0,38.0,21.7587912088,44.6647252747,16.3,28.9690909091,0.0,38.052,52.9327272727,0.0,0.0,16.9964444444,26.4176086957,0.0,16.9964444444,26.4176086957,0.0,0.0,9.79120879121,10.2252747253,-14.8807272727,22.0,52.732,-0.200727272727,1.0,,,,,,,,,,,,,,,,,799.0,47.0,23.0,0.0,3.0,16.0,0.0,79.0,0.0,2.0,0.35,10.0,4.0,9956.0,38.0,103.870610995,113.588550987,1.02622725696,0.804680835125,21.5884367069,1.29404226874,0.732458533029,43.3976346273,1.37611730693,0.723050062211,47.4572364891,1.25947841908,0.740873823314,41.1761398933,-0.000861736910386,1.4317301921,0.318256687879,-1.05007210981,2.120432909,2.06919879934,1.99520948574,2.03307526222,2.08632989869,0.912230759019,,,,,1.86941285233,0.912230759019,2.060849271,55.735202382,0.859382421701,0.546778143935,0.917817495182,0.769999438197,1.23729804493,0.89392849978,0.732787477353,0.726197321184,1.40252371822,0.816130991772,0.812826077373,0.791322422213,1.39953264571,1.08489724971,0.794175211657,0.806239279049,1.40457331756,1.19667221411,0.958628617829,0.805423050341,1.42452208896,1.24891427458,1.06960239293,0.808100035699,0.806257347533,0.80796067955,1.0,0.0,0.0,0.0,46.5726958967,0.448372214727
39,1.0,0.0,44000.0,,492.0,418.0,,0.52,54.92,1166.0,717.0,22958.0,,,,,2013.0,1.0,8.0,2013.0,4.0,8.0,1985.0,40.1855,-105.1482,5096.0,,,,,,,,,,,39.0,39.0,21.7614285714,44.6589010989,16.298,28.9754545455,0.0,38.032,52.9336363636,0.0,0.0,16.9946666667,26.4245652174,0.0,16.9946666667,26.4245652174,0.0,0.0,9.78857142857,10.2310989011,-14.9016363636,22.0,52.749,-0.184636363636,1.0,,,,,,,,,,,,,,,,,470.0,50.0,18.0,0.0,2.0,22.0,0.0,70.0,0.0,6.0,0.46,28.0,8.0,10860.0,39.0,30.4462735286,34.9212658037,1.01408637353,0.700308911368,30.9418872347,1.36121889281,0.561822907068,58.7264832985,1.49630916263,0.662804107375,55.7040667845,1.31386735484,0.685977030277,47.7894760265,-0.00105923920295,1.53067884068,0.204605626018,-1.51993006382,2.49874079038,2.40356200246,2.20374515585,2.19825076316,2.15519891406,,,,,,2.29189952518,,2.29189952518,,0.715729087028,0.472754568026,0.772726969195,0.925853225668,1.36570202112,0.616768870505,0.57934726786,0.882385524573,1.45187564408,0.615982726786,0.62092793736,0.841696294903,1.4960112313,1.01341455461,0.608680597076,0.768344426107,1.54454195326,1.18910464908,0.872163503729,0.720576190456,1.59045106225,1.29988813488,1.01709153882,0.694427824539,0.645614606631,0.766889393024,0.0,0.0,0.0,0.0,21.2015434862,0.696359226568
40,0.0,0.0,180000.0,,1300.0,1192.0,,0.71,107.2,4653.0,2596.0,127787.0,,,,,2013.0,1.0,8.0,2013.0,4.0,8.0,1981.0,40.17636,-105.11996,5015.0,,,,,,,,,,,40.0,40.0,21.7221978022,45.0764835165,16.228,28.9809090909,0.0,38.564,53.4690909091,0.0,0.0,16.9584444444,26.3823913043,0.0,16.9584444444,26.3823913043,0.0,0.0,9.8278021978,9.81351648352,-14.9050909091,23.0,53.184,-0.285090909091,1.0,,,,,,,,,,,,,,,,,1176.0,48.0,21.0,1.0,3.0,30.0,1.0,64.0,0.0,1.0,0.5,36.0,8.0,10860.0,40.0,128.509447916,142.516776108,0.76099416491,0.655819995546,13.8206275703,1.14398579617,0.759233369164,33.6326227383,1.35872973651,0.747842025016,44.9602076908,1.24498540099,0.754985417544,39.3578899041,-0.000956010075918,1.47896104803,0.195092569802,-1.27434797061,1.73888280479,1.66666296949,1.63753290554,1.68879662159,1.53912297487,0.971091865921,,,,,1.54034835703,0.971091865921,1.65419965526,41.2953652338,0.727608229646,0.601904118766,0.751558628701,0.728938993,1.29805658565,0.688752021035,0.668866439481,0.722871881206,1.466454283,0.688215426002,0.714952483437,0.788416118272,1.47190338569,1.11695840655,0.685999762849,0.775345092759,1.47077438161,1.25696365682,0.95519112192,0.752532477141,1.48004314158,1.32174534613,1.08300691219,0.736453214356,0.717593497931,0.762934405642,0.0,0.0,0.0,0.0,78.2933226114,0.609241763006
41,1.0,0.0,,,503.0,451.0,,,66.81,1118.0,552.0,30130.0,,,,,2013.0,1.0,8.0,2013.0,4.0,8.0,,40.2325,-105.0021,5062.0,,,,,,,,,,,41.0,41.0,21.722967033,45.0653846154,16.231,28.9781818182,0.0,38.554,53.4527272727,0.0,0.0,16.9611111111,26.3813043478,0.0,16.9611111111,26.3813043478,0.0,0.0,9.82703296703,9.82461538462,-14.8987272727,23.0,53.164,-0.288727272727,1.0,,,,,,,,,,,,,,,,,503.0,48.0,19.0,0.0,0.0,18.0,0.0,81.0,0.0,1.0,0.31,11.0,2.0,9956.0,41.0,27.3362735987,31.7800119442,1.43982284081,0.726691219571,49.5291226826,1.32623552804,0.533418582973,59.7794983098,1.54062729772,0.609074190157,60.4658316091,1.37393188175,0.626180508172,54.4241955159,-0.00125369962021,1.62810350973,0.229565168603,-1.98255139649,2.16347520992,2.12138058019,2.00018610733,1.89966583799,1.79510165578,0.905044838111,1.03806829845,,,,1.70327464682,0.971556568281,1.99596187824,51.3238915597,0.706094695288,0.553616756042,0.88491474409,0.661900242059,1.59928746478,0.56153042667,0.511485278707,0.704685027813,1.59804709373,0.604241798863,0.585937911309,0.730912978045,1.62418409618,1.13831756056,0.591458867419,0.700613364213,1.63982840647,1.31029524631,0.937122681278,0.661630463726,1.66645816905,1.41740769292,1.10235378439,0.64728329751,0.622733222998,0.67848120068,0.0,0.0,0.0,0.0,21.3795533678,0.782094651292
42,0.0,0.0,,,871.0,771.0,,,109.08,3132.0,1508.0,84100.0,,,,,2013.0,1.0,8.0,2013.0,4.0,8.0,,40.1852,-104.997,4930.0,,,,,,,,,,,42.0,42.0,21.6612087912,45.2715384615,16.428,28.7481818182,0.0,39.025,53.4018181818,0.0,0.0,16.9664444444,26.2539130435,0.0,16.9664444444,26.2539130435,0.0,0.0,9.88879120879,9.61846153846,-14.3768181818,23.0,52.996,-0.405818181818,1.0,,,,,,,,,,,,,,,,,776.0,51.0,18.0,0.0,2.0,19.0,0.0,79.0,0.0,0.0,0.34,19.0,5.0,10860.0,42.0,75.2553936091,87.8936848336,0.986750816769,0.738833038318,25.1246590565,1.36643323499,0.558142749797,59.1533098359,1.59743566383,0.593866939786,62.8237334852,1.38629542351,0.613546830657,55.7419854203,-0.00137178839739,1.68726598709,0.274130052703,-2.26348459739,1.95518232016,1.91416474017,1.90695524234,1.93424629795,2.04328394138,,,,,,1.9507665084,,1.9507665084,,0.781291831897,0.49103326693,0.683031679523,0.759013204299,0.950244854252,0.529217557926,0.593127582983,0.579798250407,1.68745110862,0.613203203392,0.589919505126,0.700991958524,1.67870744609,1.06814977137,0.602272376828,0.681880808806,1.7095152138,1.27617757805,0.881784294384,0.650554335887,1.73934984839,1.39530125221,1.08320099794,0.641216552764,0.627571070867,0.659778492898,0.0,0.0,0.0,0.0,59.382324115,0.789077317481
43,1.0,0.0,49000.0,,372.0,344.0,,0.51,73.05,920.0,496.0,25128.0,,,,,2013.0,1.0,8.0,2013.0,4.0,8.0,1975.0,39.55159,-104.98251,5683.0,,,,,,,,,,,43.0,43.0,21.740989011,44.8323076923,16.27,28.9745454545,0.0,38.282,53.1309090909,0.0,0.0,16.9826666667,26.3958695652,0.0,16.9826666667,26.3958695652,0.0,0.0,9.80901098901,10.0576923077,-14.8489090909,23.0,52.878,-0.252909090909,1.0,,,,,,,,,,,,,,,,,372.0,51.0,13.0,0.0,0.0,87.0,0.0,11.0,0.0,0.0,0.22,77.0,7.0,9956.0,43.0,23.702961514,27.182855847,0.952390367198,0.734748458741,22.8521744815,1.28962989052,0.607465645596,52.8961254649,1.49523719628,0.647778744581,56.6771916728,1.33584607744,0.664085648878,50.2872628745,-0.00103552279551,1.51879692055,0.184313176754,-1.46350873052,2.19674175253,2.12715391699,2.1500115659,2.0862948183,2.21038725748,,,,,,2.15411786224,,2.15411786224,,0.762166443941,0.449536072394,0.830931672077,0.808437900626,1.87157918776,0.630046734292,0.608012243836,0.735487569457,1.55592022261,0.701993505063,0.614082634661,0.759538978594,1.56840585302,1.10073217276,0.625981987155,0.735462262376,1.59052375985,1.26323480629,0.925460186114,0.697581059551,1.61187915554,1.36771759221,1.08307519524,0.698684170929,0.662812590911,0.710492813212,0.0,0.0,0.0,0.0,16.9315173258,0.714320753369
44,0.0,0.0,161000.0,,1129.0,1013.0,,0.78,124.27,4349.0,3232.0,125883.0,,,,,2013.0,1.0,8.0,2013.0,4.0,8.0,2006.0,40.15113,-105.16735,5049.0,,,,,,,,,,,44.0,44.0,21.6865934066,45.1992307692,16.341,28.8436363636,0.0,38.836,53.4754545455,0.0,0.0,16.9573333333,26.3130434783,0.0,16.9573333333,26.3130434783,0.0,0.0,9.86340659341,9.69076923077,-14.6394545455,23.0,53.068,-0.407454545455,1.0,,,,,,,,,,,,,,,,,1129.0,50.0,24.0,0.0,3.0,15.0,1.0,80.0,0.0,1.0,0.34,15.0,2.0,10860.0,44.0,115.408852992,132.840822748,0.831354862498,0.735398840469,11.542125554,1.15368673363,0.628988863553,45.4800991278,1.43786610663,0.680327893679,52.6848925263,1.28595446382,0.713697672438,44.5005486185,-0.000896319547532,1.44905609331,0.192111107477,-1.13234420358,2.30314498949,2.27085625069,2.14578928801,2.15755020017,1.88213134011,,,,,,2.15189441369,,2.15189441369,,0.848712311975,0.570590133962,0.719888823858,0.913592285633,1.4515330001,0.612694442075,0.714684984724,0.798607164381,1.5543944172,0.690271428555,0.617814027805,0.874598360292,1.60780541439,1.09228548883,0.643430719833,0.826663904015,1.5971841765,1.28424353182,0.89462222523,0.758821259665,1.57767255249,1.36757461015,1.05956527322,0.741683801887,0.697651603918,0.784225273892,0.0,0.0,0.0,0.0,71.1562077265,0.616557619991
45,0.0,0.0,183000.0,,1375.0,1318.0,,0.63,86.99,4210.0,2228.0,114654.0,,,,,2013.0,1.0,8.0,2013.0,4.0,8.0,1977.0,40.18249,-105.08147,5068.0,,,,,,,,,,,45.0,45.0,21.7597802198,45.5762637363,16.202,29.1181818182,0.0,38.922,54.0745454545,0.0,0.0,16.8408888889,26.5717391304,0.0,16.8408888889,26.5717391304,0.0,0.0,9.79021978022,9.31373626374,-15.1525454545,23.0,54.103,0.0284545454546,0.0,,,,,,,,,,,,,,,,,1420.0,49.0,22.0,0.0,3.0,56.0,1.0,40.0,0.0,0.0,0.53,38.0,7.0,9956.0,45.0,107.232768576,119.410639099,0.978450008272,0.623733561656,36.2528942324,1.33520815556,0.831591417732,37.7182191202,1.50631287791,0.718320329169,52.3126742322,1.30341224513,0.696269138994,46.5810497333,-0.00126653718032,1.63453512734,0.286385223274,-2.01309195199,2.05568072772,2.03397107519,2.00674123411,2.00097589023,1.8906248769,,,,,,1.99759876083,,1.99759876083,,0.76520635107,0.447721511443,0.908104687292,0.625943069684,1.49527515849,0.574336590718,0.542172831493,0.717534728167,1.42995053547,0.573304691027,0.581365373924,0.707230697155,1.5251418937,0.981251846347,0.574349314905,0.685371996031,1.57944016855,1.17845481415,0.82737815667,0.642536076738,1.63619107408,1.2988451474,0.978021251369,0.62522823031,0.606437518301,0.663807787911,0.0,0.0,0.0,0.0,72.0359992918,0.671772259996
46,0.0,1.0,94000.0,,608.0,595.0,,0.43,68.28,2124.0,1107.0,40626.0,,,,,2013.0,1.0,8.0,2013.0,4.0,8.0,1975.0,40.1442,-105.12021,4983.0,,,,,,,,,,,46.0,46.0,22.7307692308,46.8097802198,12.225,35.2509090909,0.0,35.013,60.8818181818,0.0,0.0,19.3871111111,26.0017391304,0.0,19.3871111111,26.0017391304,0.0,0.0,8.81923076923,8.08021978022,-25.8688181818,24.0,43.867,-17.0148181818,1.0,,,,,,,,,,,,,,,,,608.0,47.0,18.0,0.0,3.0,43.0,1.0,51.0,0.0,2.0,0.56,44.0,7.0,10860.0,46.0,49.6389432644,58.0507973464,1.13581903567,0.675528056901,40.5250276947,1.41528815493,0.549267377362,61.1904208023,1.64151379875,0.558072553354,66.0025670341,1.42184117153,0.578000312186,59.3484614346,-0.00148039693256,1.74167886321,0.245977261563,-2.52186430256,1.85932112788,1.9522782258,1.9481869912,1.87767706436,1.75803491893,0.919591567004,,,,,1.7191816492,0.919591567004,1.87909966563,51.0621185336,0.844223646036,0.445800259287,0.638939215005,0.724446890831,0.862420216206,0.498364149053,0.552653975878,0.486707604046,1.69244657936,0.557783173893,0.555213378138,0.678029722862,1.73443068339,1.07658301071,0.559446113521,0.644751058923,1.7521045727,1.29592861582,0.876223249734,0.620355386033,1.77166576168,1.43107261618,1.08027908214,0.604712332998,0.585993543055,0.629516038714,0.0,0.0,0.0,0.0,44.1695983423,0.889817458584
47,0.0,1.0,46000.0,,,330.0,,,,,,,,,,,2016.0,6.0,26.0,2016.0,9.0,26.0,1994.0,39.58321,-105.1676,6114.0,,,,,,,,,,,47.0,47.0,22.5354945055,47.2414285714,11.766,35.59,0.0,35.875,61.2672727273,0.0,0.0,18.9991111111,25.995,0.0,18.9991111111,25.995,0.0,0.0,9.01450549451,7.64857142857,-25.3922727273,24.0,43.95,-17.3172727273,1.0,,,,,,,,,,,,,,,,,330.0,47.0,22.0,0.0,3.0,5.0,0.0,91.0,0.0,1.0,0.17,2.0,2.0,10334.0,47.0,40.9725522546,52.0574895547,0.482122379081,0.389355833166,19.2412860179,0.898606336811,0.35160402264,60.8722965512,1.10714935526,0.925684636991,16.390265451,0.972421096163,1.02660154194,-5.57170612507,0.000226809672697,0.886368353979,0.00680826738843,1.53958021135,2.34007036544,2.10849774254,2.01442587276,1.88388963745,1.81761235036,1.00310988686,1.10405866024,,,,1.75309493081,1.05358427355,2.03289919371,48.1733144068,0.44318200136,0.313806624862,0.679267825106,0.763618809212,1.25882618507,1.12214916388,1.53209918127,0.462292943215,1.15293071509,0.453984728482,0.414304267023,1.37645540862,1.23076604111,0.789192041565,0.39973625775,1.39972028239,1.21334404437,0.945921344833,0.649316370686,1.06160375199,1.24801112014,1.05136228961,0.775219956787,0.90969899611,0.768526105958,1.12837061816,0.0,0.0,0.0,0.0,38.5096045665,0.939887862666
48,0.0,1.0,86000.0,,,587.0,,,,,,,,,,,2016.0,6.0,26.0,2016.0,9.0,26.0,1965.0,39.6796,-105.1089,5635.0,,,,,,,,,,,48.0,48.0,22.5676923077,47.1559340659,11.791,35.5790909091,0.0,35.748,61.2318181818,0.0,0.0,19.0591111111,26.0,0.0,19.0591111111,26.0,0.0,0.0,8.98230769231,7.73406593407,-25.4838181818,24.0,43.913,-17.3188181818,1.0,,,,,,,,,,,,,,,,,591.0,47.0,18.0,1.0,3.0,32.0,1.0,61.0,0.0,2.0,0.53,35.0,12.0,10334.0,48.0,102.774156235,129.200796395,0.423829697811,0.41032819908,3.18559525225,0.83187557559,0.410143387415,50.6965465209,1.07047073092,0.969740426327,9.4099074066,0.947997504869,1.05108095701,-10.8738104914,0.000289467152539,0.854976956578,0.0139001492345,1.68864235589,2.33667363065,2.28539714524,2.29378701416,2.19240251395,2.04773467006,,,,,,2.23119899481,,2.23119899481,,0.476112696182,0.393015793479,1.73867829361,0.574071854046,1.06985743209,0.56053812087,1.91882064742,0.489496226825,1.19394459805,0.434070646576,0.559816639001,1.3970361154,1.2161485191,0.78534909851,0.482919496191,1.37683300364,1.19914853431,0.93266966854,0.692702259858,1.05160054909,1.20277380534,1.02372553683,0.818012844407,0.897218073464,0.807927227896,1.18990460658,0.0,0.0,0.0,0.0,86.5140879487,0.841788355339
49,0.0,0.0,272000.0,,,1863.0,,,,,,,,,,,2016.0,6.0,26.0,2016.0,9.0,26.0,2008.0,39.58704,-105.13144,5795.0,,,,,,,,,,,49.0,49.0,21.9406593407,47.8538461538,11.427,35.1609090909,0.0,35.653,61.9590909091,0.0,0.0,18.3064444444,25.4958695652,0.0,18.3064444444,25.4958695652,0.0,0.0,9.60934065934,7.03615384615,-26.3060909091,25.0,44.793,-17.1660909091,1.0,,,,,,,,,,,,,,,,,1806.0,50.0,18.0,0.0,2.0,13.0,0.0,81.0,0.0,4.0,0.33,8.0,4.0,10334.0,49.0,315.309441881,399.875217253,0.278896735332,0.287206270607,-2.97943081534,0.794865956641,0.293420312944,63.0855604657,1.04296351742,1.01986872685,2.21434308972,0.902288767304,1.09653409443,-21.5280666422,0.000509136027162,0.744922850392,0.0406992235893,2.21123460862,1.65353827867,1.39310313736,1.61864132387,1.42318350448,1.38739749303,1.85412869932,1.73929210688,1.93062719988,1.40393188742,2.45294959092,1.68567932218,1.87618589688,1.49517274748,-25.4828848401,0.258034051323,1.04127426022,1.18589874711,1.23622688047,0.92434610168,1.3757762763,1.23625180267,0.989207046187,1.22979954648,0.401227647615,0.34029547452,1.59994674177,1.25324149614,0.785285967716,0.379759981093,1.44485735764,1.17448657906,0.959675237259,0.572110915502,1.06925602836,1.20048221171,1.01713841752,0.736533073246,0.902248933176,0.747057056339,1.16982933768,0.0,0.0,0.0,0.0,283.236131418,0.898279892057
50,0.0,1.0,,,,677.0,,,,,,,,,,,2016.0,6.0,26.0,2016.0,9.0,26.0,,39.71465,-105.1096,5582.0,,,,,,,,,,,50.0,50.0,22.281978022,47.2789010989,11.732,35.2763636364,0.0,35.178,61.4254545455,0.0,0.0,18.7413333333,25.7456521739,0.0,18.7413333333,25.7456521739,0.0,0.0,9.26802197802,7.6110989011,-26.2474545455,24.0,44.317,-17.1084545455,1.0,,,,,,,,,,,,,,,,,685.0,56.0,16.0,1.0,4.0,40.0,2.0,50.0,0.0,3.0,0.59,43.0,12.0,10334.0,50.0,37.1036872631,48.9457732156,0.270351668255,0.262723544263,2.82155610178,0.797374547163,0.246072040626,69.1397171503,1.096479783,0.937419578348,14.5064420808,0.943774514902,1.05510591206,-11.7963979106,0.000351260833381,0.824018322476,0.0113931368885,1.83564952261,1.52058676564,1.43762436328,1.58153817655,1.49150987812,1.39810703672,1.77690627282,1.81585852012,1.91882064742,1.52483513858,1.6175365736,1.60833233729,1.73079143051,1.48587324406,-16.4831143858,0.274388315048,0.272050252777,1.76391216732,0.58355232364,1.02245015513,1.29079605893,1.65221791042,0.502352002894,1.25638526037,0.332163963249,0.411077748153,1.49747330709,1.27827740214,0.754911513086,0.336308181168,1.49406531022,1.25504778284,0.928829211579,0.612169659945,1.08284206355,1.26211406346,1.03537860507,0.77322356005,0.895172538478,0.764289114643,1.25304715993,0.0,0.0,0.0,0.0,42.8874342575,1.15588065287
51,1.0,0.0,,,,408.0,,,,,,,,,,,2016.0,6.0,26.0,2016.0,9.0,26.0,,39.8535,-105.0686,5416.0,,,,,,,,,,,51.0,51.0,22.819010989,46.4083516484,12.033,35.2127272727,0.0,34.664,60.5518181818,0.0,0.0,19.5024444444,26.0634782609,0.0,19.5024444444,26.0634782609,0.0,0.0,8.73098901099,8.48164835165,-25.8878181818,23.0,43.43,-17.1218181818,1.0,,,,,,,,,,,,,,,,,406.0,48.0,20.0,0.0,1.0,36.0,4.0,57.0,0.0,2.0,0.55,51.0,11.0,9757.0,51.0,35.8587700548,46.0008831191,0.346056063023,0.347953930961,-0.548427882434,0.903541626591,0.333441828495,63.0961298647,1.17145016632,0.894841418847,23.6125065688,1.01007704713,0.98903983671,2.08273324051,0.000149076343492,0.92531275191,0.00273380503594,1.35465262117,1.61864389521,1.27929947073,1.59888243857,1.57510943991,1.2381167016,1.70723575559,1.99901390797,1.94862729211,1.65387886909,1.12711287537,1.57459206462,1.68717374003,1.4620103892,-15.4009405463,0.425473359284,0.33879447361,0.836911701828,0.438228737879,1.1708342879,1.34259440527,1.16517745906,0.672684976032,1.36716257594,0.379680652973,0.391919797425,1.35601270563,1.35507043354,0.867507313955,0.365308791202,1.34548116239,1.31288408699,1.05032343926,0.630378480874,1.010819818,1.33995757814,1.12984943457,0.814574504639,0.853035026743,0.734175032112,1.08882848205,0.0,0.0,0.0,0.0,35.3109183832,0.984721961439
52,0.0,0.0,253000.0,,,1828.0,,,,,,,,,,,2016.0,6.0,26.0,2016.0,9.0,26.0,2007.0,39.84275,-105.15054,5613.0,,,,,,,,,,,52.0,52.0,22.948021978,46.5535164835,12.164,35.51,0.0,34.811,60.7927272727,0.0,0.0,19.5884444444,26.2345652174,0.0,19.5884444444,26.2345652174,0.0,0.0,8.60197802198,8.33648351648,-25.9817272727,23.0,43.632,-17.1607272727,1.0,,,,,,,,,,,,,,,,,1748.0,51.0,21.0,0.0,3.0,12.0,1.0,82.0,0.0,2.0,0.31,6.0,3.0,10334.0,52.0,283.556741927,335.589372143,0.320162966654,0.333251756167,-4.08816473983,0.906823572206,0.482191526971,46.8263131055,1.02983386852,0.94291504658,8.44008190017,0.92999148548,1.07009771206,-15.0653235833,0.000369502700623,0.814879146988,0.0319198617682,1.87904692478,1.64002435457,1.52195866811,1.67826818548,1.60605779715,1.47273206938,2.00036555392,1.96491892785,2.1669755645,1.54419379632,1.49738102961,1.70928759469,1.83476697444,1.58380821494,-15.8452745184,0.357165261249,0.367015078897,1.26811237133,1.70722641881,1.11895395512,1.64257331034,0.936013675988,0.887539705088,1.11243266644,0.54251239092,0.712138783451,1.47960144141,1.06535745868,0.838027586528,0.578884880317,1.42104515538,1.07968270224,0.915350174168,0.722612495635,1.15074567278,1.09066585071,0.978048881979,0.820067538337,0.998687352316,0.892851335044,1.2468455494,0.0,0.0,0.0,0.0,193.231522164,0.681456278738
53,1.0,0.0,51000.0,,,418.0,,,,,,,,,,,2016.0,6.0,26.0,2016.0,9.0,26.0,1955.0,39.5393,-105.3037,8217.0,,,,,,,,,,,53.0,53.0,22.8696703297,45.1584615385,12.392,34.8109090909,0.0,34.192,58.9736363636,0.0,0.0,20.0946666667,25.5843478261,0.0,20.0946666667,25.5843478261,0.0,0.0,8.68032967033,9.73153846154,-24.7816363636,22.0,42.932,-16.0416363636,1.0,,,,,,,,,,,,,,,,,361.0,49.0,24.0,0.0,0.0,8.0,0.0,88.0,0.0,4.0,0.22,14.0,3.0,9757.0,53.0,37.9613189809,46.9950240294,0.297163618727,0.473004083421,-59.1729450084,0.783025346577,0.48999260494,37.4231489335,1.12585884278,0.962434503968,14.5155265118,1.00378565934,0.995245612626,0.850783893847,0.000146637133737,0.926534795998,0.00373392511895,1.34884974116,1.80938535221,1.48846434805,1.5940588693,1.61203691314,1.48940948931,1.78162178696,1.80713604984,1.77452235407,1.52181575572,2.27641927699,1.71548701956,1.83230304472,1.5986709944,-14.6141420675,0.581600455614,0.320608668027,0.912698309704,0.876401156418,1.36260691224,1.10948257188,1.07298291106,0.823273336905,1.37596542365,0.515546095246,0.408544660569,1.29223763504,1.32752879509,0.955915479945,0.382946338267,1.19155817799,1.32624246163,1.08481432212,0.687081406038,0.908386450248,1.29524631976,1.15744243197,0.859302410441,0.810176361497,0.666766092419,0.993337915314,0.0,0.0,0.0,0.0,30.7469766314,0.809955435081
54,0.0,1.0,100000.0,,,499.0,,,,,,,,,,,2016.0,6.0,26.0,2016.0,9.0,26.0,1973.0,39.5463,-105.304,8233.0,,,,,,,,,,,54.0,54.0,21.7685714286,48.3257142857,11.315,35.15,0.0,36.083,62.3545454545,0.0,0.0,18.0586666667,25.397826087,0.0,18.0586666667,25.397826087,0.0,0.0,9.78142857143,6.56428571429,-26.2715454545,26.0,45.188,-17.1665454545,1.0,,,,,,,,,,,,,,,,,562.0,45.0,18.0,1.0,3.0,5.0,0.0,89.0,0.0,2.0,0.21,9.0,3.0,9757.0,54.0,60.7040114312,78.7347763193,0.281838733004,0.285321872668,-1.23586266061,0.785229700764,0.287732747525,63.356869048,1.17345277254,0.913162834899,22.181543538,0.996531630746,1.00235358668,-0.584221890777,0.000128810603042,0.935465887876,0.00317851699043,1.30644042464,1.31323514031,1.26114209833,1.27890838286,1.36110901534,1.35206211427,1.84237471494,1.76571163348,1.682025846,1.49276388985,1.99067739936,1.53400102347,1.75471069673,1.31329135022,-33.6116845991,0.40996035409,0.216296220306,1.62594342449,1.04866642662,0.957615679082,1.15820422733,1.20253171725,0.687665300845,1.35855261775,0.329702887031,0.436397393176,1.41890299002,1.40262310854,0.80705584586,0.354447785492,1.3543136725,1.39193907532,1.02925615892,0.618312189046,0.9995249286,1.36581836428,1.1400221594,0.803372296221,0.832069418207,0.717573521743,1.12032791902,0.0,0.0,0.0,0.0,51.8411642981,0.853998987478
55,1.0,0.0,46000.0,,,611.0,,,,,,,,,,,2016.0,6.0,26.0,2016.0,9.0,26.0,1987.0,39.6134,-105.1181,5700.0,,,,,,,,,,,55.0,55.0,22.7583516484,46.827032967,12.252,35.2790909091,0.0,35.045,60.89,0.0,0.0,19.4115555556,26.0323913043,0.0,19.4115555556,26.0323913043,0.0,0.0,8.79164835165,8.06296703297,-25.845,24.0,43.876,-17.014,1.0,,,,,,,,,,,,,,,,,514.0,52.0,20.0,0.0,5.0,17.0,0.0,76.0,0.0,2.0,0.39,13.0,2.0,9757.0,55.0,19.1097278416,23.6046338238,0.455634159951,0.433064775626,4.95340040511,0.863374833001,0.424366569154,50.8479338367,1.0635682994,0.959972311321,9.74041705963,0.949183781703,1.05003918399,-10.6254873109,0.0003506819104,0.824308362889,0.0171814448021,1.83427226484,1.52760288729,1.69241970774,1.59111664353,1.62600117589,1.59464160979,1.4057394544,1.59904339587,1.59695201842,1.59684466761,1.9769807924,1.62073423529,1.63511206574,1.60635640485,-1.79011711257,0.466434440207,0.464962807521,0.83383695042,0.672598815511,1.10099976493,1.46538570334,1.25190162044,0.783077646642,1.16662963151,0.497202739357,0.493941011631,1.38438955076,1.20587898502,0.807793934727,0.477567687082,1.38034537005,1.16761658104,0.950431321288,0.679356159338,1.07203557745,1.18370952438,1.03637909932,0.80117452738,0.928327367927,0.809540482024,1.14615530419,0.0,0.0,0.0,0.0,16.7541856428,0.876735963048
56,1.0,0.0,53000.0,,,658.0,,,,,,,,,,,2016.0,6.0,26.0,2016.0,9.0,26.0,1996.0,39.8261,-105.1868,5690.0,,,,,,,,,,,56.0,56.0,22.4807692308,47.1336263736,11.947,35.3918181818,0.0,35.158,61.2345454545,0.0,0.0,18.9682222222,25.9169565217,0.0,18.9682222222,25.9169565217,0.0,0.0,9.06923076923,7.75637362637,-26.0765454545,24.0,44.185,-17.0495454545,1.0,,,,,,,,,,,,,,,,,658.0,50.0,22.0,0.0,3.0,9.0,0.0,87.0,0.0,1.0,0.24,3.0,1.0,9757.0,56.0,66.5179451316,86.800856913,0.190001343773,0.225904335894,-18.8961779999,0.737398157716,0.239568536904,67.5116442321,1.07095000098,0.92367640517,13.7516780128,0.927368093565,1.07148095545,-15.539984919,0.000398774602529,0.800213924133,0.0232808636249,1.94868477942,1.44372141199,1.59548801981,1.6252998064,1.63145962078,1.4256754242,1.60095275996,1.66375948925,1.6313539181,1.56529497157,1.1686813619,1.5351686784,1.52600850016,1.54432885664,1.18629891563,0.208578320084,0.220227867533,1.17643874532,1.71274395811,1.30085355616,1.60960334301,1.11729409268,0.872140255453,1.26839170668,0.455840948925,0.344733293185,1.60561837973,1.3086331049,0.847413090897,0.295324592996,1.53001849757,1.24975389233,1.0494898361,0.600554690392,1.10617243304,1.23652008394,1.09494362448,0.767513944464,0.943589562008,0.751011340592,1.23523036098,0.0,0.0,0.0,0.0,63.8355948414,0.959674787234
57,0.0,0.0,,,,1732.0,,,,,,,,,,,2015.0,7.0,19.0,2015.0,10.0,19.0,,39.65878,-105.11043,5500.0,,,,,,,,,,,57.0,57.0,53.7703225806,77.8005376344,55.947,47.2538461538,1.0,77.562,72.1430769231,1.0,2.0,57.5835555556,50.1954166667,1.0,57.5835555556,50.1954166667,1.0,4.0,-22.2203225806,-22.9105376344,5.41892307692,24.0,74.489,2.34592307692,0.0,100.0,20.0,10.0,40.0,15.0,15.0,41.0,25.0,66.0,1643.0,0.03,0.04,0.02,,,,1672.0,48.0,18.0,0.0,7.0,35.0,1.0,55.0,0.0,2.0,0.58,24.0,11.0,9757.0,57.0,278.433958075,310.231953088,0.668151008902,0.562264766419,15.847651365,0.947029032052,0.998720817281,-5.45831051416,1.06682352124,1.11509833588,-4.52509845184,0.947606126647,1.05148491942,-10.9622331318,9.11080958103e-05,0.954354843999,0.00185953311377,1.21674615993,1.5772595872,1.32385151332,1.56459409822,1.45964389905,1.35080468506,1.82738664212,1.79252584664,1.87855800804,1.44729539943,1.04025433727,1.52621740164,1.5972040467,1.45523075657,-9.75606717279,0.430158109802,0.340645722357,1.29658035067,0.704350734502,1.29104017741,0.948324197637,1.19001736758,0.809580609005,1.23675911065,0.472400507781,0.501106539674,1.05639382786,1.13291260347,0.831586232294,0.443978020921,1.02015245948,1.11166933933,0.955173972155,0.680064989544,0.820943267608,1.13949613173,0.984448212753,0.819238519821,0.733807577651,0.652294439189,0.888457641399,0.0,0.0,0.0,0.0,181.103318059,0.650435454467
58,0.0,1.0,128332.0,,,745.0,,0.49,85.0,,,63360.0,,,,,2015.0,7.0,19.0,2015.0,10.0,19.0,,39.7337,-105.1956,5908.0,,,,,,,,,,,58.0,58.0,54.5467741935,79.5778494624,56.466,47.9830769231,1.0,79.218,73.2323076923,1.0,2.0,58.2231111111,51.1002083333,1.0,58.2231111111,51.1002083333,1.0,4.0,-22.9967741935,-24.6878494624,5.98569230769,25.0,76.109,2.87669230769,0.0,85.0,10.0,5.0,40.0,15.0,15.0,11.0,154.0,165.0,745.0,0.01,0.22,0.21,,,,621.0,47.0,16.0,0.0,3.0,15.0,1.0,79.0,0.0,2.0,0.36,25.0,6.0,10334.0,58.0,94.7648452134,116.37297347,0.407610413894,0.412326520473,-1.15701327017,0.80170384071,0.516877448055,35.5276322992,1.03752311027,1.01004638785,2.64829979656,0.941478712372,1.0576326048,-12.3373891413,0.000345947612034,0.826680246371,0.0171901406647,1.82300936903,1.57037882382,1.36761623933,1.50395301238,1.47748921667,1.47416947043,1.89393326643,1.86791733764,1.90400136353,1.46227814516,1.11277063216,1.56345075075,1.64818014898,1.47872135253,-11.459819402,0.448267126848,0.420082041788,1.65954135895,0.663827105361,1.11067476228,1.07270189756,1.38177091911,0.64094574461,1.13855202426,0.467928371423,0.548839014148,1.37123021477,1.1608023121,0.869848646202,0.485782257029,1.30095177665,1.16540759041,0.939347694696,0.725106260746,1.0081881971,1.16631083179,1.01498967797,0.828467701626,0.873123240681,0.771180440601,1.11101261119,0.0,0.0,0.0,0.0,81.627653773,0.861370623138
59,1.0,0.0,44245.0,,,322.0,,0.54,74.0,,,23938.0,,,,,2015.0,7.0,19.0,2015.0,10.0,19.0,,39.8157,-105.1181,5408.0,,,,,,,,,,,59.0,59.0,54.2544086022,78.8544086022,56.503,47.5492307692,1.0,78.626,72.6776923077,1.0,2.0,58.0746666667,50.6729166667,1.0,58.0746666667,50.6729166667,1.0,4.0,-22.7044086022,-23.9644086022,5.94830769231,24.0,75.542,2.86430769231,0.0,100.0,20.0,10.0,40.0,15.0,15.0,14.0,188.0,202.0,322.0,0.04,0.63,0.58,,,,327.0,52.0,17.0,0.0,0.0,23.0,0.0,73.0,0.0,4.0,0.42,35.0,10.0,9757.0,59.0,40.5186754869,50.1700185787,0.340890187649,0.388655761344,-14.0120119105,0.756262475872,0.407933577716,46.0592597504,1.08042089251,0.93047475377,13.8784930742,0.98903311537,1.01009952235,-2.13000016387,0.00028191144879,0.858762364156,0.0121864873571,1.67066733667,1.50812941231,1.37553698828,1.29904510971,1.32754826713,1.74561884898,1.59151174245,1.34201185442,1.40718903413,1.716336727,1.38089166682,1.46938196512,1.48758820496,1.45117572528,-2.50917094654,0.396013506962,0.810647626467,1.29641475008,0.595312532904,1.21517839881,1.22883772976,1.16425599033,0.716139438909,1.37747700144,0.637969999446,0.478849915225,1.38895769808,1.3310861301,0.974109764285,0.516641616582,1.32213932547,1.2615945233,1.11817597734,0.753940023208,1.01178681178,1.22801560309,1.15096779958,0.909824267767,0.918332608699,0.794970960683,1.09440178067,0.0,0.0,0.0,0.0,34.5922202019,0.853735216817
60,0.0,1.0,120491.0,,,679.0,,0.47,84.0,,,57131.0,,,,,2015.0,7.0,19.0,2015.0,10.0,19.0,,39.5867,-105.102,5649.0,,,,,,,,,,,60.0,60.0,54.6666666667,79.7737634409,56.594,48.2453846154,1.0,79.431,73.4846153846,1.0,2.0,58.31,51.2510416667,1.0,58.31,51.2510416667,1.0,4.0,-23.1166666667,-24.8837634409,5.94638461538,25.0,76.216,2.73138461538,0.0,92.0,20.0,10.0,40.0,15.0,7.0,83.0,,83.0,679.0,0.12,0.12,0.0,,,,630.0,41.0,21.0,0.0,2.0,10.0,0.0,85.0,0.0,2.0,0.2,7.0,4.0,9757.0,60.0,87.8321671694,112.754787297,0.286369001365,0.331782684626,-15.8584494289,0.810026418588,0.328671004214,59.4246561999,1.13550739621,0.955806436487,15.8256089149,0.985504530274,1.01340808066,-2.83139747541,0.000237150563213,0.88118756783,0.00952484028376,1.56418118988,1.50303950126,1.50123440949,1.5340618665,1.3923969675,1.53381275746,1.5832528187,1.78799357269,1.76061602298,1.76757893696,1.20802788333,1.55720147369,1.62149384693,1.49290910044,-8.61303253171,0.277010366021,0.24946696427,0.904955818962,1.48210968561,1.3293448198,1.26625375395,1.00304577313,1.15919104553,1.32209581497,0.465421488837,0.3346684821,1.3486465241,1.31791608076,0.89407459714,0.308390406262,1.28538989415,1.30908463942,1.05015274111,0.624608989373,0.949289222949,1.30742804706,1.13488914386,0.798980695772,0.828322289421,0.667746322677,1.03747404889,0.0,0.0,0.0,0.0,76.9481081657,0.876081174421
61,1.0,0.0,58066.0,,,398.0,,0.43,63.0,,,24917.0,,,,,2015.0,7.0,19.0,2015.0,10.0,19.0,,39.7375,-105.1053,5547.0,,,,,,,,,,,61.0,61.0,55.7566666667,81.5896774194,57.845,49.3492307692,1.0,81.343,75.4223076923,1.0,2.0,59.3233333333,52.4129166667,1.0,59.3233333333,52.4129166667,1.0,4.0,-24.2066666667,-26.6996774194,5.92069230769,25.0,77.352,1.92969230769,0.0,100.0,20.0,10.0,40.0,15.0,15.0,47.0,74.0,121.0,398.0,0.12,0.3,0.19,,,,449.0,50.0,14.0,2.0,1.0,64.0,3.0,27.0,2.0,1.0,0.52,83.0,9.0,9757.0,61.0,43.4261957756,52.1344147448,0.594389057088,0.500503303405,15.795336836,0.931516240055,0.501819681825,46.1287243049,1.12202208732,0.905520612585,19.2956517683,1.01277458282,0.986501270346,2.59419153277,8.31123158536e-05,0.958360729757,0.00156329998667,1.19772419942,1.48616904371,1.45608641802,1.6441518466,1.76271614218,1.56036361192,1.65706612475,1.8490433624,1.75557284447,1.49470684666,0.996003827951,1.56618800687,1.55047860125,1.58189741249,1.98614720473,0.507942748104,0.52236155661,1.08745465322,0.780735678994,1.25775800987,1.24583139147,1.0910135479,0.771099306302,1.26715103727,0.562936492001,0.559659354588,1.32257873335,1.23361374673,0.888520690108,0.5396090672,1.26696098062,1.21677369855,1.0312514247,0.75799992048,1.01589653455,1.2261796966,1.09373840838,0.885287699677,0.902656523911,0.794764124595,1.07690184236,0.0,0.0,0.0,0.0,29.7023214327,0.683972448016
62,1.0,0.0,48534.0,,,543.0,,0.39,35.0,,,18871.0,,,,,2015.0,7.0,19.0,2015.0,10.0,19.0,,39.7933,-105.0763,5299.0,,,,,,,,,,,62.0,62.0,55.4968817204,81.0776344086,57.604,49.0784615385,1.0,80.839,74.9115384615,1.0,2.0,59.0706666667,52.1464583333,1.0,59.0706666667,52.1464583333,1.0,4.0,-23.9468817204,-26.1876344086,5.92746153846,25.0,76.878,1.96646153846,0.0,100.0,20.0,10.0,40.0,15.0,15.0,13.0,80.0,93.0,543.0,0.02,0.17,0.15,,,,526.0,49.0,19.0,0.0,0.0,67.0,0.0,31.0,0.0,2.0,0.46,64.0,7.0,9757.0,62.0,29.5068843788,36.2026591092,0.434372454085,0.493090992029,-13.5180160233,0.802779602525,0.514826977419,35.8694496223,1.06169707965,0.993775092394,6.39749214367,0.949321050391,1.0497251692,-10.5764134023,0.000334873908843,0.83222817167,0.0183034321089,1.79666502914,1.61579536353,1.54224353666,1.65398821912,1.577284845,1.61077780928,1.57359945207,1.59604434057,1.73853124316,1.81409976829,2.23184428722,1.69542088649,1.79082381826,1.60001795472,-11.9252326501,0.387825015353,0.359812821866,0.863725024806,1.1992653982,1.31327442891,1.24935148599,1.05214080782,0.919183433129,1.32006450351,0.454968807909,0.449223474122,1.42949388173,1.23879429223,0.87910582418,0.420234812991,1.30698139774,1.20112164273,1.02315690371,0.679702844744,1.00351347732,1.19074915061,1.06846462444,0.839793259434,0.866377309969,0.698789702703,1.06391721852,0.0,0.0,0.0,0.0,24.0652302469,0.815580185897
63,0.0,0.0,247535.0,,,2100.0,,0.6,70.0,,,147332.0,,,,,2015.0,7.0,19.0,2015.0,10.0,19.0,,39.72834,-105.10649,5518.0,,,,,,,,,,,63.0,63.0,52.8291397849,76.0959139785,55.045,46.0369230769,1.0,75.949,69.6438461538,1.0,2.0,56.7033333333,49.1970833333,1.0,56.7033333333,49.1970833333,1.0,4.0,-21.2791397849,-21.2059139785,6.30515384615,23.0,73.107,3.46315384615,0.0,100.0,20.0,10.0,40.0,15.0,15.0,173.0,10.0,183.0,2100.0,0.08,0.09,0.0,,,,2085.0,52.0,16.0,0.0,5.0,28.0,2.0,61.0,0.0,4.0,0.55,26.0,6.0,10334.0,63.0,255.860995059,300.866389107,0.57175160898,0.497831006523,12.9287965781,1.00876352705,0.585333609201,41.9751414968,1.13612866055,0.955355520691,15.911326431,1.02106198967,0.978194467896,4.19832705602,0.000124446638031,0.937652234347,0.00338715136562,1.29605855187,1.50631924135,1.40688975611,1.50143121782,1.61000887052,1.47840330681,1.55218914917,1.65781905497,1.57817412597,1.32572358254,1.00490975185,1.46218680571,1.4237631329,1.50061047852,5.12107217175,0.37703414561,0.698285214435,1.16345293514,0.731384480691,1.36980957411,1.1595267775,1.07033425818,0.839415794117,1.31599113317,0.571987397682,0.464162214004,1.19991510821,1.25084128436,0.952720067323,0.495598167822,1.13738252208,1.18735705624,1.05721771494,0.734458430681,0.922887623214,1.20004862503,1.08604932553,0.879841606302,0.835162566831,0.72561957377,0.960832322912,0.0,0.0,0.0,0.0,173.047033208,0.67633221378
64,1.0,0.0,49847.0,,,484.0,,0.45,47.0,,,22658.0,,,,,2015.0,7.0,19.0,2015.0,10.0,19.0,,39.6938,-105.0963,5573.0,,,,,,,,,,,64.0,64.0,52.842688172,76.12,55.062,46.0515384615,1.0,75.976,69.6646153846,1.0,2.0,56.7173333333,49.2102083333,1.0,56.7173333333,49.2102083333,1.0,4.0,-21.292688172,-21.23,6.31138461538,23.0,73.123,3.45838461538,0.0,105.0,20.0,15.0,40.0,15.0,15.0,26.0,,26.0,484.0,0.05,0.05,0.0,,,,522.0,49.0,24.0,1.0,7.0,39.0,1.0,50.0,0.0,2.0,0.6,29.0,9.0,9757.0,64.0,36.1626475701,45.3767044099,0.293334686556,0.481318495175,-64.0850936611,0.795023170201,0.415230339994,47.7712907552,1.0935527275,0.992626743085,9.22918318242,0.94613622205,1.05284687776,-11.2785720724,0.000313785947066,0.84279324052,0.0186031540586,1.74649676807,1.48922514884,1.44073671245,1.46066146922,1.71028392547,1.54291586545,1.51705581289,1.85023987565,1.73210814308,1.6166997697,2.12516238039,1.64850891031,1.76825319634,1.52876462429,-15.6654967188,0.373328967738,0.309968829945,1.04276879534,1.26374542869,1.08315184079,1.29014599857,1.04428929128,0.917012923678,1.28664669343,0.381176537223,0.393610900272,1.35923232649,1.26694594469,0.814481384053,0.356080391375,1.30443936162,1.25574312004,0.991765088867,0.606272209003,0.976961046207,1.25455222625,1.06763577236,0.776365830109,0.828014918961,0.699907537727,1.08966812258,0.0,0.0,0.0,0.0,29.1854813421,0.807061520745
65,1.0,0.0,46373.0,,,399.0,,0.43,50.0,,,20039.0,,,,,2015.0,7.0,19.0,2015.0,10.0,19.0,,39.8136,-105.0734,5395.0,,,,,,,,,,,65.0,65.0,54.3965591398,79.0843010753,56.65,47.7138461538,1.0,78.878,72.8930769231,1.0,2.0,58.2111111111,50.8204166667,1.0,58.2111111111,50.8204166667,1.0,4.0,-22.8465591398,-24.1943010753,5.98492307692,24.0,75.723,2.82992307692,0.0,,20.0,,40.0,,,0.0,29.0,29.0,399.0,,0.07,0.07,,,,384.0,48.0,19.0,0.0,5.0,44.0,0.0,48.0,0.0,3.0,0.58,46.0,10.0,9757.0,65.0,33.1094695595,41.8783066348,0.366551259849,0.381976957295,-4.20833294957,0.759831160654,0.374119521241,50.7628088168,1.12941240941,0.918005492968,18.7183100413,0.997832361937,1.00121755615,-0.339254802522,0.000213765244677,0.892903612417,0.00607442789893,1.50854751709,1.50885233183,1.33031047486,1.45821776301,1.70950935357,1.58121537267,1.45168824249,1.55789277104,1.63788902691,1.44923205209,1.92599015404,1.56107975425,1.60453844931,1.51762105919,-5.72721296926,0.387265568599,0.316483096338,0.95488491086,0.713989303528,1.33423192372,1.29002484651,1.08462039671,0.765585024766,1.38125859584,0.410581243336,0.40810210062,1.39847086601,1.37900457623,0.864606281256,0.378662147116,1.33232474656,1.33592954142,1.08552630278,0.676593896897,1.0048069787,1.28634970322,1.16575800585,0.852760071634,0.856250544859,0.700913177067,1.07023521718,0.0,0.0,0.0,0.0,30.9038952998,0.933385394298
66,1.0,0.0,37843.0,,,210.0,,0.53,95.0,,,19904.0,,,,,2015.0,7.0,19.0,2015.0,10.0,19.0,,39.7522,-105.1162,5597.0,,,,,,,,,,,66.0,66.0,54.992688172,80.3839784946,57.081,48.6469230769,1.0,80.076,74.2761538462,1.0,2.0,58.5917777778,51.6185416667,1.0,58.5917777778,51.6185416667,1.0,4.0,-23.442688172,-25.4939784946,5.79984615385,25.0,76.331,2.05484615385,0.0,29.0,,5.0,10.0,7.0,7.0,0.0,,,210.0,,0.0,0.0,,,,178.0,46.0,11.0,0.0,0.0,48.0,2.0,46.0,0.0,4.0,0.56,60.0,10.0,10334.0,66.0,30.5411061627,34.7258600243,0.470135449367,0.474464078111,-0.920719496798,0.859099407531,0.686543198681,20.0857092133,0.978274135899,1.02110392797,-4.3780971504,0.950595966836,1.04908259093,-10.3605135652,0.000331810970335,0.833762703862,0.0292532759595,1.78937829843,1.55014097561,1.534157266,1.56864300875,1.633215496,1.42304492471,1.64420381519,1.66524090485,1.57173588603,1.62457064705,1.05768082178,1.5272633746,1.51268641498,1.54184033421,1.89085202839,0.478282869362,0.967012075025,1.04232084046,0.746320072185,1.27604678192,1.14066520696,1.03887374287,0.864684015549,1.1764927089,0.755675832051,0.83389372116,1.14542449634,1.10506827814,0.972837661895,0.787994676362,1.15235348591,1.0362457743,1.03578317518,0.909499237471,1.03186466191,1.07959747928,1.02987346751,0.976247605329,0.962817454447,0.900393544943,1.04668488284,0.0,0.0,0.0,0.0,17.8561015975,0.584657985285
